{"aoi":["https://abimon.org/dr/busts/aoi/00.png#sprite","https://abimon.org/dr/busts/aoi/01.png#sprite","https://abimon.org/dr/busts/aoi/02.png#sprite","https://abimon.org/dr/busts/aoi/03.png#sprite","https://abimon.org/dr/busts/aoi/04.png#sprite","https://abimon.org/dr/busts/aoi/05.png#sprite","https://abimon.org/dr/busts/aoi/06.png#sprite","https://abimon.org/dr/busts/aoi/07.png#sprite","https://abimon.org/dr/busts/aoi/08.png#sprite","https://abimon.org/dr/busts/aoi/09.png#sprite","https://abimon.org/dr/busts/aoi/10.png#sprite","https://abimon.org/dr/busts/aoi/11.png#sprite","https://abimon.org/dr/busts/aoi/12.png#sprite","https://abimon.org/dr/busts/aoi/13.png#sprite","https://abimon.org/dr/busts/aoi/14.png#sprite","https://abimon.org/dr/busts/aoi/15.png#sprite","https://abimon.org/dr/busts/aoi/16.png#sprite","https://abimon.org/dr/busts/aoi/17.png#sprite","https://abimon.org/dr/busts/aoi/18.png#sprite","https://abimon.org/dr/busts/aoi/19.png#sprite","https://abimon.org/dr/busts/aoi/20.png#sprite","https://abimon.org/dr/busts/aoi/21.png#sprite","https://abimon.org/dr/busts/aoi/22.png#sprite","https://abimon.org/dr/busts/aoi/23.png#sprite"],"akane":["https://abimon.org/dr/busts/akane/00.png#sprite","https://abimon.org/dr/busts/akane/01.png#sprite","https://abimon.org/dr/busts/akane/02.png#sprite","https://abimon.org/dr/busts/akane/03.png#sprite","https://abimon.org/dr/busts/akane/04.png#sprite","https://abimon.org/dr/busts/akane/05.png#sprite","https://abimon.org/dr/busts/akane/06.png#sprite","https://abimon.org/dr/busts/akane/07.png#sprite","https://abimon.org/dr/busts/akane/08.png#sprite","https://abimon.org/dr/busts/akane/09.png#sprite","https://abimon.org/dr/busts/akane/10.png#sprite","https://abimon.org/dr/busts/akane/11.png#sprite","https://abimon.org/dr/busts/akane/12.png#sprite","https://abimon.org/dr/busts/akane/13.png#sprite","https://abimon.org/dr/busts/akane/14.png#sprite","https://abimon.org/dr/busts/akane/15.png#sprite","https://abimon.org/dr/busts/akane/16.png#sprite","https://abimon.org/dr/busts/akane/17.png#sprite","https://abimon.org/dr/busts/akane/18.png#sprite","https://abimon.org/dr/busts/akane/19.png#sprite","https://abimon.org/dr/busts/akane/20.png#sprite","https://abimon.org/dr/busts/akane/21.png#sprite","https://abimon.org/dr/busts/akane/22.png#sprite","https://abimon.org/dr/busts/akane/23.png#sprite","https://abimon.org/dr/busts/akane/24.png#sprite","https://abimon.org/dr/busts/akane/26.png#sprite","https://i.imgur.com/kv2NZu8.png#sprite","https://i.imgur.com/A1YXwzE.png#sprite","https://i.imgur.com/x1kWYoV.png#sprite","https://i.imgur.com/ENNBjZO.png#sprite","https://i.imgur.com/LP6nT9S.png#sprite"],"alterego":["https://i.imgur.com/PdQS301.png#sprite","https://i.imgur.com/yGvqOft.png#sprite","https://i.imgur.com/PdLQKF9.png#sprite","https://i.imgur.com/DxP6meI.png#sprite","https://i.imgur.com/brymNcw.png#sprite","https://i.imgur.com/phqjIMW.png#sprite","https://i.imgur.com/6Oip09B.png#sprite","https://i.imgur.com/qr39Q8b.png#sprite","https://i.imgur.com/BAdkF2h.png#sprite","https://i.imgur.com/BOZSXpw.png#sprite","https://i.imgur.com/bpUXxcb.png#sprite","https://i.imgur.com/zKeKXZS.png#sprite","https://i.imgur.com/2JrXWjO.png#sprite","https://i.imgur.com/JPHxw51.png#sprite","https://i.imgur.com/PJHz0vI.png#sprite","https://i.imgur.com/55CvEcI.png#sprite"],"byakuya":["https://abimon.org/dr/busts/byakuya/00.png#sprite","https://abimon.org/dr/busts/byakuya/01.png#sprite","https://abimon.org/dr/busts/byakuya/02.png#sprite","https://abimon.org/dr/busts/byakuya/03.png#sprite","https://abimon.org/dr/busts/byakuya/04.png#sprite","https://abimon.org/dr/busts/byakuya/05.png#sprite","https://abimon.org/dr/busts/byakuya/06.png#sprite","https://abimon.org/dr/busts/byakuya/07.png#sprite","https://abimon.org/dr/busts/byakuya/08.png#sprite","https://abimon.org/dr/busts/byakuya/09.png#sprite","https://abimon.org/dr/busts/byakuya/10.png#sprite","https://abimon.org/dr/busts/byakuya/11.png#sprite","https://abimon.org/dr/busts/byakuya/12.png#sprite","https://abimon.org/dr/busts/byakuya/13.png#sprite","https://abimon.org/dr/busts/byakuya/14.png#sprite","https://abimon.org/dr/busts/byakuya/15.png#sprite","https://abimon.org/dr/busts/byakuya/16.png#sprite","https://abimon.org/dr/busts/byakuya/17.png#sprite","https://abimon.org/dr/busts/byakuya/18.png#sprite","https://i.imgur.com/oCvxtiN.png#sprite"],"celes":["https://abimon.org/dr/busts/celeste/00.png#sprite","https://abimon.org/dr/busts/celeste/01.png#sprite","https://abimon.org/dr/busts/celeste/02.png#sprite","https://abimon.org/dr/busts/celeste/03.png#sprite","https://abimon.org/dr/busts/celeste/04.png#sprite","https://abimon.org/dr/busts/celeste/05.png#sprite","https://abimon.org/dr/busts/celeste/06.png#sprite","https://abimon.org/dr/busts/celeste/07.png#sprite","https://abimon.org/dr/busts/celeste/08.png#sprite","https://abimon.org/dr/busts/celeste/09.png#sprite","https://abimon.org/dr/busts/celeste/10.png#sprite","https://abimon.org/dr/busts/celeste/11.png#sprite","https://abimon.org/dr/busts/celeste/12.png#sprite","https://abimon.org/dr/busts/celeste/13.png#sprite","https://abimon.org/dr/busts/celeste/14.png#sprite","https://abimon.org/dr/busts/celeste/15.png#sprite","https://abimon.org/dr/busts/celeste/16.png#sprite","https://i.imgur.com/Gp84dFJ.png#sprite"],"chiaki":["https://abimon.org/dr/busts/chiaki/00.png#sprite","https://abimon.org/dr/busts/chiaki/01.png#sprite","https://abimon.org/dr/busts/chiaki/02.png#sprite","https://abimon.org/dr/busts/chiaki/03.png#sprite","https://abimon.org/dr/busts/chiaki/04.png#sprite","https://abimon.org/dr/busts/chiaki/05.png#sprite","https://abimon.org/dr/busts/chiaki/06.png#sprite","https://abimon.org/dr/busts/chiaki/08.png#sprite","https://abimon.org/dr/busts/chiaki/09.png#sprite","https://abimon.org/dr/busts/chiaki/10.png#sprite","https://abimon.org/dr/busts/chiaki/11.png#sprite","https://abimon.org/dr/busts/chiaki/12.png#sprite","https://abimon.org/dr/busts/chiaki/13.png#sprite","https://abimon.org/dr/busts/chiaki/14.png#sprite","https://abimon.org/dr/busts/chiaki/15.png#sprite","https://abimon.org/dr/busts/chiaki/16.png#sprite","https://abimon.org/dr/busts/chiaki/17.png#sprite","https://abimon.org/dr/busts/chiaki/18.png#sprite","https://abimon.org/dr/busts/chiaki/19.png#sprite","https://abimon.org/dr/busts/chiaki/20.png#sprite","https://abimon.org/dr/busts/chiaki/22.png#sprite","https://67.media.tumblr.com/349f7753f0e92696a42749ad41e473cf/tumblr_mzrs6ojzbK1sbetdio4_500.png#sprite","https://67.media.tumblr.com/28180aac983468734a67be359755fd2b/tumblr_mu7t23Vm3H1rx7mvno1_r3_500.png#sprite","https://67.media.tumblr.com/6f44c9493df7a34d3a91e240c345b186/tumblr_mu7t23Vm3H1rx7mvno2_500.png#sprite","https://65.media.tumblr.com/6b4fb29fddd11c5787bdc9e68445ae6f/tumblr_mu7t23Vm3H1rx7mvno3_500.png#sprite","https://66.media.tumblr.com/c4d1c52b065c89d320152de4a1563c72/tumblr_mu7t23Vm3H1rx7mvno4_500.png#sprite","https://67.media.tumblr.com/0f251f1902832f59146c48273f317611/tumblr_mu7t23Vm3H1rx7mvno5_500.png#sprite","https://65.media.tumblr.com/6dcfaa6fe3f645dc2c1ca2107b1e2ed0/tumblr_mqeouwM0Xb1ql9bpco1_500.png#sprite","https://abimon.org/dr/busts/chiaki/07.png#sprite","https://abimon.org/dr/busts/chiaki/21.png#sprite"],"chihiro":["https://abimon.org/dr/busts/chihiro/00.png#sprite","https://abimon.org/dr/busts/chihiro/01.png#sprite","https://abimon.org/dr/busts/chihiro/02.png#sprite","https://abimon.org/dr/busts/chihiro/03.png#sprite","https://abimon.org/dr/busts/chihiro/04.png#sprite","https://abimon.org/dr/busts/chihiro/05.png#sprite","https://abimon.org/dr/busts/chihiro/06.png#sprite","https://abimon.org/dr/busts/chihiro/07.png#sprite","https://abimon.org/dr/busts/chihiro/08.png#sprite","https://abimon.org/dr/busts/chihiro/09.png#sprite","https://abimon.org/dr/busts/chihiro/10.png#sprite","https://abimon.org/dr/busts/chihiro/11.png#sprite","https://abimon.org/dr/busts/chihiro/12.png#sprite","https://abimon.org/dr/busts/chihiro/13.png#sprite","https://abimon.org/dr/busts/chihiro/14.png#sprite","https://abimon.org/dr/busts/chihiro/15.png#sprite","https://i.imgur.com/KylwxkI.png#sprite","https://i.imgur.com/ABzpLUo.png#sprite","https://66.media.tumblr.com/c51512b0e9d1d77bf9ba831522719070/tumblr_mlq8fqNINq1qj5drwo1_500.png#sprite"],"fuyuhiko_nopatch":["https://abimon.org/dr/busts/fuyuhiko/00.png#sprite","https://abimon.org/dr/busts/fuyuhiko/01.png#sprite","https://abimon.org/dr/busts/fuyuhiko/02.png#sprite","https://abimon.org/dr/busts/fuyuhiko/03.png#sprite","https://abimon.org/dr/busts/fuyuhiko/04.png#sprite","https://abimon.org/dr/busts/fuyuhiko/05.png#sprite","https://abimon.org/dr/busts/fuyuhiko/06.png#sprite","https://abimon.org/dr/busts/fuyuhiko/07.png#sprite","https://abimon.org/dr/busts/fuyuhiko/08.png#sprite","https://abimon.org/dr/busts/fuyuhiko/09.png#sprite","https://abimon.org/dr/busts/fuyuhiko/10.png#sprite","https://abimon.org/dr/busts/fuyuhiko/11.png#sprite","https://abimon.org/dr/busts/fuyuhiko/12.png#sprite","https://abimon.org/dr/busts/fuyuhiko/13.png#sprite","https://abimon.org/dr/busts/fuyuhiko/14.png#sprite","https://abimon.org/dr/busts/fuyuhiko/15.png#sprite","https://abimon.org/dr/busts/fuyuhiko/16.png#sprite","https://abimon.org/dr/busts/fuyuhiko/17.png#sprite","https://abimon.org/dr/busts/fuyuhiko/18.png#sprite","https://abimon.org/dr/busts/fuyuhiko/19.png#sprite","https://abimon.org/dr/busts/fuyuhiko/20.png#sprite","https://abimon.org/dr/busts/fuyuhiko/21.png#sprite"],"fuyuhiko":["https://abimon.org/dr/busts/fuyuhiko/30.png#sprite","https://abimon.org/dr/busts/fuyuhiko/31.png#sprite","https://abimon.org/dr/busts/fuyuhiko/32.png#sprite","https://abimon.org/dr/busts/fuyuhiko/33.png#sprite","https://abimon.org/dr/busts/fuyuhiko/34.png#sprite","https://abimon.org/dr/busts/fuyuhiko/35.png#sprite","https://abimon.org/dr/busts/fuyuhiko/36.png#sprite","https://abimon.org/dr/busts/fuyuhiko/37.png#sprite","https://abimon.org/dr/busts/fuyuhiko/38.png#sprite","https://abimon.org/dr/busts/fuyuhiko/39.png#sprite","https://abimon.org/dr/busts/fuyuhiko/40.png#sprite","https://abimon.org/dr/busts/fuyuhiko/41.png#sprite","https://abimon.org/dr/busts/fuyuhiko/42.png#sprite","https://abimon.org/dr/busts/fuyuhiko/43.png#sprite","https://abimon.org/dr/busts/fuyuhiko/44.png#sprite","https://abimon.org/dr/busts/fuyuhiko/45.png#sprite","https://abimon.org/dr/busts/fuyuhiko/46.png#sprite","https://abimon.org/dr/busts/fuyuhiko/47.png#sprite","https://abimon.org/dr/busts/fuyuhiko/48.png#sprite","https://abimon.org/dr/busts/fuyuhiko/49.png#sprite","https://abimon.org/dr/busts/fuyuhiko/50.png#sprite","https://abimon.org/dr/busts/fuyuhiko/51.png#sprite"],"gundham":["https://abimon.org/dr/busts/gundham/00.png#sprite","https://abimon.org/dr/busts/gundham/01.png#sprite","https://abimon.org/dr/busts/gundham/02.png#sprite","https://abimon.org/dr/busts/gundham/03.png#sprite","https://abimon.org/dr/busts/gundham/04.png#sprite","https://abimon.org/dr/busts/gundham/05.png#sprite","https://abimon.org/dr/busts/gundham/06.png#sprite","https://abimon.org/dr/busts/gundham/07.png#sprite","https://abimon.org/dr/busts/gundham/08.png#sprite","https://abimon.org/dr/busts/gundham/09.png#sprite","https://abimon.org/dr/busts/gundham/10.png#sprite","https://abimon.org/dr/busts/gundham/11.png#sprite","https://abimon.org/dr/busts/gundham/12.png#sprite","https://abimon.org/dr/busts/gundham/13.png#sprite","https://abimon.org/dr/busts/gundham/14.png#sprite","https://abimon.org/dr/busts/gundham/15.png#sprite","https://abimon.org/dr/busts/gundham/16.png#sprite","https://abimon.org/dr/busts/gundham/17.png#sprite","https://abimon.org/dr/busts/gundham/18.png#sprite","https://abimon.org/dr/busts/gundham/19.png#sprite","https://abimon.org/dr/busts/gundham/20.png#sprite","https://abimon.org/dr/busts/gundham/21.png#sprite","https://abimon.org/dr/busts/gundham/22.png#sprite","https://abimon.org/dr/busts/gundham/23.png#sprite","https://abimon.org/dr/busts/gundham/24.png#sprite","https://abimon.org/dr/busts/gundham/25.png#sprite","https://abimon.org/dr/busts/gundham/26.png#sprite","https://66.media.tumblr.com/259cf77bf754b6f20390822277d11501/tumblr_mtlvc6rvPN1rqz0j7o1_500.png#sprite","https://41.media.tumblr.com/56c7141e346fcdd44ff8f1c19a2e70aa/tumblr_inline_nuya00Q7GS1td1six_540.png#sprite","https://67.media.tumblr.com/d363bafc8a8a28fc41a2c2547c5eb031/tumblr_mqej6gjibB1ql9bpco6_500.png#sprite","https://67.media.tumblr.com/b6254c3e633c783b2918946bdc3fc382/tumblr_mtks56mGe01rrrdkmo1_500.png#sprite","https://i.imgur.com/f7kw6Go.png#sprite"],"hajime":["https://abimon.org/dr/busts/hajime/00.png#sprite","https://abimon.org/dr/busts/hajime/01.png#sprite","https://abimon.org/dr/busts/hajime/02.png#sprite","https://abimon.org/dr/busts/hajime/03.png#sprite","https://abimon.org/dr/busts/hajime/04.png#sprite","https://abimon.org/dr/busts/hajime/05.png#sprite","https://abimon.org/dr/busts/hajime/06.png#sprite","https://abimon.org/dr/busts/hajime/07.png#sprite","https://abimon.org/dr/busts/hajime/08.png#sprite","https://abimon.org/dr/busts/hajime/09.png#sprite","https://abimon.org/dr/busts/hajime/10.png#sprite","https://abimon.org/dr/busts/hajime/11.png#sprite","https://abimon.org/dr/busts/hajime/12.png#sprite","https://abimon.org/dr/busts/hajime/13.png#sprite","https://abimon.org/dr/busts/hajime/14.png#sprite","https://abimon.org/dr/busts/hajime/15.png#sprite","https://abimon.org/dr/busts/hajime/16.png#sprite","https://abimon.org/dr/busts/hajime/17.png#sprite","https://abimon.org/dr/busts/hajime/18.png#sprite","https://abimon.org/dr/busts/hajime/19.png#sprite","https://abimon.org/dr/busts/hajime/20.png#sprite","https://abimon.org/dr/busts/hajime/21.png#sprite","https://abimon.org/dr/busts/hajime/22.png#sprite","https://abimon.org/dr/busts/hajime/26.png#sprite","https://abimon.org/dr/busts/hajime/29.png#sprite","https://40.media.tumblr.com/d7b51023d2c86c0fbdb21f3baa6f104d/tumblr_mrnvfkiQxq1sq98pyo5_500.png#sprite","https://67.media.tumblr.com/ec233fe39275957ccd0713234c97cdc4/tumblr_inline_o6q5b0DTbU1qzytu7_540.png#sprite","https://41.media.tumblr.com/7db593289c8fa27850c618acf308fb65/tumblr_mrnvfkiQxq1sq98pyo4_500.png#sprite","https://67.media.tumblr.com/0a4b942f84271ab43c8f2a28056c46ee/tumblr_mzrs6ojzbK1sbetdio2_500.png#sprite","https://66.media.tumblr.com/e839865a658bd7d3dac12ae2d54b6d35/tumblr_mvalyaC2sF1sbetdio1_500.png#sprite","https://65.media.tumblr.com/e02c91b671421dbb4be4fae6602a04ed/tumblr_muzmcijfZk1shb00ao1_500.png#sprite","https://66.media.tumblr.com/c4d6b8bbe9dc2a2208223202fced441c/tumblr_o8fs4qK3TT1qzzczko1_500.png#sprite","https://67.media.tumblr.com/75a07de4f2eb6c1ee41bf4b6a414de11/tumblr_n4z8ebCEGr1qkgd66o1_r2_500.png#sprite","https://66.media.tumblr.com/54a307ca437c38d566ecfed39fc9b9b7/tumblr_n4z8ebCEGr1qkgd66o2_r3_500.png#sprite","https://67.media.tumblr.com/ba00d59a7d1206f478de3ef12c5d9372/tumblr_ocr8geHfoU1vxw2pbo1_1280.png#sprite","https://67.media.tumblr.com/3e7ca344c5c2322189c41614cddee211/tumblr_ocr8geHfoU1vxw2pbo2_r1_1280.png#sprite","https://66.media.tumblr.com/9d0c3af4ae0330748b466cf865ccc608/tumblr_ocr8geHfoU1vxw2pbo3_r1_1280.png#sprite","https://67.media.tumblr.com/913525aa1d242a341b8ffd37c3bfc172/tumblr_ocr8geHfoU1vxw2pbo4_r1_1280.png#sprite","https://67.media.tumblr.com/80c0da942043a0918fa7172da053ee7a/tumblr_ocr8geHfoU1vxw2pbo5_r1_1280.png#sprite","https://66.media.tumblr.com/590bd3b472f2282b7f007bc54d5f15ac/tumblr_ocr8geHfoU1vxw2pbo6_r1_1280.png#sprite","https://67.media.tumblr.com/eb2f20c269ac3b1433095f5c93e9f8f6/tumblr_ocr8geHfoU1vxw2pbo7_r1_1280.png#sprite"],"hajime_saiyan":["https://abimon.org/dr/busts/hajime/23.png#sprite","https://abimon.org/dr/busts/hajime/24.png#sprite","https://abimon.org/dr/busts/hajime/25.png#sprite","https://abimon.org/dr/busts/hajime/27.png#sprite","https://abimon.org/dr/busts/hajime/28.png#sprite"],"hifumi":["https://abimon.org/dr/busts/hifumi/00.png#sprite","https://abimon.org/dr/busts/hifumi/01.png#sprite","https://abimon.org/dr/busts/hifumi/02.png#sprite","https://abimon.org/dr/busts/hifumi/03.png#sprite","https://abimon.org/dr/busts/hifumi/04.png#sprite","https://abimon.org/dr/busts/hifumi/05.png#sprite","https://abimon.org/dr/busts/hifumi/06.png#sprite","https://abimon.org/dr/busts/hifumi/07.png#sprite","https://abimon.org/dr/busts/hifumi/08.png#sprite","https://abimon.org/dr/busts/hifumi/09.png#sprite","https://abimon.org/dr/busts/hifumi/10.png#sprite","https://abimon.org/dr/busts/hifumi/11.png#sprite","https://abimon.org/dr/busts/hifumi/12.png#sprite","https://abimon.org/dr/busts/hifumi/13.png#sprite","https://abimon.org/dr/busts/hifumi/14.png#sprite","https://abimon.org/dr/busts/hifumi/15.png#sprite","https://abimon.org/dr/busts/hifumi/16.png#sprite","https://abimon.org/dr/busts/hifumi/17.png#sprite","https://abimon.org/dr/busts/hifumi/18.png#sprite","https://abimon.org/dr/busts/hifumi/19.png#sprite","https://abimon.org/dr/busts/hifumi/20.png#sprite","https://abimon.org/dr/busts/hifumi/21.png#sprite","https://66.media.tumblr.com/4e3f33be42bc90ac88d2f27102e0ebf4/tumblr_mp8yivArf91rrrdkmo1_500.png#sprite","https://i.imgur.com/XTFjWWB.png#sprite"],"hiyoko":["https://abimon.org/dr/busts/hiyoko/00.png#sprite","https://abimon.org/dr/busts/hiyoko/01.png#sprite","https://abimon.org/dr/busts/hiyoko/02.png#sprite","https://abimon.org/dr/busts/hiyoko/03.png#sprite","https://abimon.org/dr/busts/hiyoko/04.png#sprite","https://abimon.org/dr/busts/hiyoko/05.png#sprite","https://abimon.org/dr/busts/hiyoko/06.png#sprite","https://abimon.org/dr/busts/hiyoko/07.png#sprite","https://abimon.org/dr/busts/hiyoko/08.png#sprite","https://abimon.org/dr/busts/hiyoko/09.png#sprite","https://abimon.org/dr/busts/hiyoko/10.png#sprite","https://abimon.org/dr/busts/hiyoko/11.png#sprite","https://abimon.org/dr/busts/hiyoko/12.png#sprite","https://abimon.org/dr/busts/hiyoko/13.png#sprite","https://abimon.org/dr/busts/hiyoko/14.png#sprite","https://abimon.org/dr/busts/hiyoko/15.png#sprite","https://abimon.org/dr/busts/hiyoko/16.png#sprite","https://abimon.org/dr/busts/hiyoko/17.png#sprite","https://abimon.org/dr/busts/hiyoko/18.png#sprite","https://abimon.org/dr/busts/hiyoko/19.png#sprite","https://abimon.org/dr/busts/hiyoko/20.png#sprite","https://abimon.org/dr/busts/hiyoko/21.png#sprite","https://abimon.org/dr/busts/hiyoko/22.png#sprite","https://abimon.org/dr/busts/hiyoko/23.png#sprite","https://66.media.tumblr.com/15899bf3fa42c06037da3db09a2c8b18/tumblr_mqeouwM0Xb1ql9bpco3_500.png#sprite","https://i.imgur.com/NOnZNfV.png#sprite","https://67.media.tumblr.com/0f99a5ce27c071db38974fe95ec1c479/tumblr_o8oht4BUsz1vxw2pbo1_500.png#sprite"],"ibuki":["https://abimon.org/dr/busts/ibuki/00.png#sprite","https://abimon.org/dr/busts/ibuki/01.png#sprite","https://abimon.org/dr/busts/ibuki/02.png#sprite","https://abimon.org/dr/busts/ibuki/03.png#sprite","https://abimon.org/dr/busts/ibuki/04.png#sprite","https://abimon.org/dr/busts/ibuki/05.png#sprite","https://abimon.org/dr/busts/ibuki/06.png#sprite","https://abimon.org/dr/busts/ibuki/07.png#sprite","https://abimon.org/dr/busts/ibuki/08.png#sprite","https://abimon.org/dr/busts/ibuki/09.png#sprite","https://abimon.org/dr/busts/ibuki/10.png#sprite","https://abimon.org/dr/busts/ibuki/11.png#sprite","https://abimon.org/dr/busts/ibuki/12.png#sprite","https://abimon.org/dr/busts/ibuki/13.png#sprite","https://abimon.org/dr/busts/ibuki/14.png#sprite","https://abimon.org/dr/busts/ibuki/15.png#sprite","https://abimon.org/dr/busts/ibuki/16.png#sprite","https://abimon.org/dr/busts/ibuki/17.png#sprite","https://abimon.org/dr/busts/ibuki/18.png#sprite","https://abimon.org/dr/busts/ibuki/19.png#sprite","https://abimon.org/dr/busts/ibuki/20.png#sprite","https://abimon.org/dr/busts/ibuki/21.png#sprite","https://36.media.tumblr.com/764d89de0145ded4a69e8552f567e26b/tumblr_inline_o4h7q90F2B1qzytu7_540.png#sprite","https://40.media.tumblr.com/f18736d1824e9a7b1bd7cd76a17ce5b7/tumblr_inline_o4h7q5TGO21qzytu7_540.png#sprite","https://67.media.tumblr.com/e99a6b086f54e2710d6c44d13e9d3774/tumblr_mqej6gjibB1ql9bpco3_500.png#sprite","https://67.media.tumblr.com/1afbdd8807606ae37bf55a0f49c45ee9/tumblr_mq82ghjr3x1r5gji4o1_500.png#sprite","https://67.media.tumblr.com/95e3a8e73f39082c2f96ef8b8544fa7d/tumblr_inline_o7hwfaYlTB1qzytu7_540.png#sprite","https://66.media.tumblr.com/ed9649a8bbebfb639efadf5be482384f/tumblr_inline_oaa4l6c9ct1qzytu7_540.png#sprite"],"imposter":["https://abimon.org/dr/busts/twogami/00.png#sprite","https://abimon.org/dr/busts/twogami/01.png#sprite","https://abimon.org/dr/busts/twogami/02.png#sprite","https://abimon.org/dr/busts/twogami/03.png#sprite","https://abimon.org/dr/busts/twogami/04.png#sprite","https://abimon.org/dr/busts/twogami/05.png#sprite","https://abimon.org/dr/busts/twogami/06.png#sprite","https://abimon.org/dr/busts/twogami/07.png#sprite","https://abimon.org/dr/busts/twogami/08.png#sprite","https://abimon.org/dr/busts/twogami/09.png#sprite","https://abimon.org/dr/busts/twogami/10.png#sprite","https://abimon.org/dr/busts/twogami/11.png#sprite","https://abimon.org/dr/busts/twogami/12.png#sprite","https://abimon.org/dr/busts/twogami/13.png#sprite","https://abimon.org/dr/busts/twogami/14.png#sprite","https://i.imgur.com/ljk26YD.png#sprite","https://67.media.tumblr.com/84e07fbc526a7d686720c5429c5eee51/tumblr_mtuaho7oXk1rrrdkmo1_500.png#sprite","https://67.media.tumblr.com/5fb89af9f5e95980bf0f7e955f89169e/tumblr_mtuaho7oXk1rrrdkmo3_500.png#sprite","https://66.media.tumblr.com/032c9e3c5c0bf915ad153ecb57835b88/tumblr_mtuaho7oXk1rrrdkmo5_500.png#sprite","https://66.media.tumblr.com/6d89b24ffc42d6b5d68175601236f60e/tumblr_mtuaho7oXk1rrrdkmo7_500.png#sprite"],"ishida":["https://abimon.org/dr/busts/kiyotaka/19.png#sprite","https://abimon.org/dr/busts/kiyotaka/20.png#sprite","https://abimon.org/dr/busts/kiyotaka/21.png#sprite","https://40.media.tumblr.com/21521c3f3f776625ec3bc3ca0189627d/tumblr_mkhqbffiyX1re9oq6o1_500.png#sprite","https://36.media.tumblr.com/449bbfce76d4f8fab8e07c52a6fab9f5/tumblr_mkhqbffiyX1re9oq6o2_500.png#sprite","https://41.media.tumblr.com/444df2e3cf3901638bedee2885d63153/tumblr_mkhqbffiyX1re9oq6o3_500.png#sprite","https://41.media.tumblr.com/cffb05f7c484aac92e50985f150732af/tumblr_mkhqbffiyX1re9oq6o5_500.png#sprite","https://40.media.tumblr.com/4676a70ef16a01e01940f48d7fc32a9e/tumblr_mkhqbffiyX1re9oq6o7_r1_500.png#sprite","https://41.media.tumblr.com/ee64124d330e1c52db8983b17eff4cea/tumblr_mkhqbffiyX1re9oq6o4_500.png#sprite","https://40.media.tumblr.com/c2b8ac904fae7b9f8573550f7c8e622c/tumblr_mkhqbffiyX1re9oq6o6_r1_500.png#sprite"],"jatarou":["http://vignette1.wikia.nocookie.net/danganronpa/images/7/7e/Jataro_kemuri_01.png#sprite","http://vignette2.wikia.nocookie.net/danganronpa/images/4/45/Jataro_kemuri_02.png#sprite","http://vignette1.wikia.nocookie.net/danganronpa/images/c/c8/Jataro_kemuri_03.png#sprite","http://vignette1.wikia.nocookie.net/danganronpa/images/7/71/Jataro_kemuri_04.png#sprite","http://vignette4.wikia.nocookie.net/danganronpa/images/3/34/Jataro_kemuri_05.png#sprite","http://vignette3.wikia.nocookie.net/danganronpa/images/3/33/Jataro_kemuri_06.png#sprite","http://vignette1.wikia.nocookie.net/danganronpa/images/1/14/Jataro_kemuri_07.png#sprite","http://vignette4.wikia.nocookie.net/danganronpa/images/0/0e/Jataro_kemuri_08.png#sprite","http://vignette1.wikia.nocookie.net/danganronpa/images/e/eb/Jataro_kemuri_09.png#sprite","https://66.media.tumblr.com/3188bf111a3f1bf1201743bf86f35949/tumblr_ndxgio7RQB1taphvqo2_500.png#sprite"],"junko":["https://abimon.org/dr/busts/junko/00.png#sprite","https://abimon.org/dr/busts/junko/01.png#sprite","https://abimon.org/dr/busts/junko/02.png#sprite","https://abimon.org/dr/busts/junko/03.png#sprite","https://abimon.org/dr/busts/junko/04.png#sprite","https://abimon.org/dr/busts/junko/05.png#sprite","https://abimon.org/dr/busts/junko/06.png#sprite","https://abimon.org/dr/busts/junko/07.png#sprite","https://abimon.org/dr/busts/junko/08.png#sprite","https://abimon.org/dr/busts/junko/09.png#sprite","http://vignette1.wikia.nocookie.net/danganronpa/images/5/5f/Junko_%2817%29.png#sprite","http://vignette4.wikia.nocookie.net/danganronpa/images/b/b9/Junko_%2818%29.png#sprite","http://vignette4.wikia.nocookie.net/danganronpa/images/c/c7/Junko_%2820%29.png#sprite","http://vignette3.wikia.nocookie.net/danganronpa/images/9/9a/Junko_%2816%29.png#sprite","http://vignette2.wikia.nocookie.net/danganronpa/images/9/91/Junko_%2819%29.png#sprite","http://vignette2.wikia.nocookie.net/danganronpa/images/a/ad/Junko_%2813%29.png#sprite","http://vignette1.wikia.nocookie.net/danganronpa/images/6/67/Junko_%2815%29.png#sprite","http://vignette3.wikia.nocookie.net/danganronpa/images/4/4b/Junko_%2811%29.png#sprite","http://vignette1.wikia.nocookie.net/danganronpa/images/8/86/Junko_%2814%29.png#sprite","http://vignette2.wikia.nocookie.net/danganronpa/images/6/6c/Junko_%2812%29.png#sprite"],"junkosaba":["https://abimon.org/dr/busts/mukuro_junko/00.png#sprite","https://abimon.org/dr/busts/mukuro_junko/01.png#sprite","https://abimon.org/dr/busts/mukuro_junko/02.png#sprite","https://abimon.org/dr/busts/mukuro_junko/03.png#sprite","https://abimon.org/dr/busts/mukuro_junko/04.png#sprite","https://abimon.org/dr/busts/mukuro_junko/05.png#sprite","https://abimon.org/dr/busts/mukuro_junko/06.png#sprite","https://abimon.org/dr/busts/mukuro_junko/07.png#sprite","https://abimon.org/dr/busts/mukuro_junko/08.png#sprite","https://abimon.org/dr/busts/mukuro_junko/09.png#sprite"],"kazuichi":["https://abimon.org/dr/busts/kazuichi/00.png#sprite","https://abimon.org/dr/busts/kazuichi/01.png#sprite","https://abimon.org/dr/busts/kazuichi/02.png#sprite","https://abimon.org/dr/busts/kazuichi/03.png#sprite","https://abimon.org/dr/busts/kazuichi/04.png#sprite","https://abimon.org/dr/busts/kazuichi/05.png#sprite","https://abimon.org/dr/busts/kazuichi/06.png#sprite","https://abimon.org/dr/busts/kazuichi/07.png#sprite","https://abimon.org/dr/busts/kazuichi/08.png#sprite","https://abimon.org/dr/busts/kazuichi/09.png#sprite","https://abimon.org/dr/busts/kazuichi/10.png#sprite","https://abimon.org/dr/busts/kazuichi/11.png#sprite","https://abimon.org/dr/busts/kazuichi/12.png#sprite","https://abimon.org/dr/busts/kazuichi/13.png#sprite","https://abimon.org/dr/busts/kazuichi/14.png#sprite","https://abimon.org/dr/busts/kazuichi/15.png#sprite","https://abimon.org/dr/busts/kazuichi/16.png#sprite","https://abimon.org/dr/busts/kazuichi/17.png#sprite","https://abimon.org/dr/busts/kazuichi/18.png#sprite","https://abimon.org/dr/busts/kazuichi/19.png#sprite","https://abimon.org/dr/busts/kazuichi/20.png#sprite","https://abimon.org/dr/busts/kazuichi/21.png#sprite","https://abimon.org/dr/busts/kazuichi/22.png#sprite","https://abimon.org/dr/busts/kazuichi/23.png#sprite","https://abimon.org/dr/busts/kazuichi/24.png#sprite","https://67.media.tumblr.com/980c9da575891e5eb50b480c99eba949/tumblr_n1hc6lWqnj1qj3yuuo1_400.png#sprite","https://67.media.tumblr.com/42467011b8e9727a5ffe4cbabb4d4c65/tumblr_o9d205ymDT1vxw2pbo1_1280.png#sprite","https://65.media.tumblr.com/72117e707349cace08111a1809369191/tumblr_o9d205ymDT1vxw2pbo2_1280.png#sprite"],"kiyotaka":["https://abimon.org/dr/busts/kiyotaka/00.png#sprite","https://abimon.org/dr/busts/kiyotaka/01.png#sprite","https://abimon.org/dr/busts/kiyotaka/02.png#sprite","https://abimon.org/dr/busts/kiyotaka/03.png#sprite","https://abimon.org/dr/busts/kiyotaka/04.png#sprite","https://abimon.org/dr/busts/kiyotaka/05.png#sprite","https://abimon.org/dr/busts/kiyotaka/06.png#sprite","https://abimon.org/dr/busts/kiyotaka/07.png#sprite","https://abimon.org/dr/busts/kiyotaka/08.png#sprite","https://abimon.org/dr/busts/kiyotaka/09.png#sprite","https://abimon.org/dr/busts/kiyotaka/10.png#sprite","https://abimon.org/dr/busts/kiyotaka/11.png#sprite","https://abimon.org/dr/busts/kiyotaka/12.png#sprite","https://abimon.org/dr/busts/kiyotaka/13.png#sprite","https://abimon.org/dr/busts/kiyotaka/14.png#sprite","https://abimon.org/dr/busts/kiyotaka/15.png#sprite","https://abimon.org/dr/busts/kiyotaka/16.png#sprite","https://abimon.org/dr/busts/kiyotaka/17.png#sprite","https://abimon.org/dr/busts/kiyotaka/18.png#sprite","https://abimon.org/dr/busts/kiyotaka/22.png#sprite","https://abimon.org/dr/busts/kiyotaka/23.png#sprite","https://66.media.tumblr.com/47f7165c8918f0d23561a1f32e9fb731/tumblr_inline_o79frmbrUJ1qzytu7_540.png#sprite","https://36.media.tumblr.com/39f0d1a6b1761646127eccff2d3cbe7c/tumblr_inline_o2keaakCXj1sj4iq1_500.png#sprite","https://40.media.tumblr.com/c85653cea85d36300aa77d9996a1bed0/tumblr_inline_o2kbziIf5u1sj4iq1_500.png#sprite","https://36.media.tumblr.com/5b465294faca4ca9f7171f4eabb257a8/tumblr_inline_o2khyo5GAg1sj4iq1_500.png#sprite","https://40.media.tumblr.com/acc95f241f72c749d26f518c381ca04c/tumblr_inline_o2ke8vvbrM1sj4iq1_500.png#sprite","https://41.media.tumblr.com/f743677ca1ed65c48a1d095cea323fd3/tumblr_inline_o2kifkBpiV1sj4iq1_500.png#sprite","https://41.media.tumblr.com/36a4eaf9cd9aaffbd2c164357d085a14/tumblr_inline_o4zszxwsPv1qzytu7_540.png#sprite"],"komaru":["https://36.media.tumblr.com/657596b544b51049e1781f6f34121d7b/tumblr_o577xnlo3j1qzzczko1_500.png#sprite","https://40.media.tumblr.com/1972ac5eb92c6a6235664e64505b6571/tumblr_o577xnlo3j1qzzczko2_500.png#sprite","https://36.media.tumblr.com/d835e345a59cb2691864cdc266c1055f/tumblr_o577xnlo3j1qzzczko3_500.png#sprite","https://40.media.tumblr.com/a6ff41b80ec3880c7bbb9f4bd2c18bb2/tumblr_o577xnlo3j1qzzczko4_500.png#sprite","https://40.media.tumblr.com/b1868177217e0bd2b445122f3945c2c6/tumblr_o577xnlo3j1qzzczko5_500.png#sprite","https://40.media.tumblr.com/3109f0fbd0709639ee433eda5e8740ff/tumblr_o577xnlo3j1qzzczko6_500.png#sprite","https://36.media.tumblr.com/d095473eecbd9df78b3e80bb32a930b1/tumblr_o577xnlo3j1qzzczko7_500.png#sprite","https://40.media.tumblr.com/973ff4324126b1544bb51e7da4af6eeb/tumblr_o577xnlo3j1qzzczko8_500.png#sprite","https://41.media.tumblr.com/734ee3e0348566307fe90c3cf88e24b1/tumblr_o577xnlo3j1qzzczko9_500.png#sprite","https://41.media.tumblr.com/911b78e295e0bf776c8107d659591896/tumblr_o577xnlo3j1qzzczko10_500.png#sprite","https://41.media.tumblr.com/127bfa0626f0e7073b46e49f3f86cb0b/tumblr_o5785vR30Q1qzzczko1_500.png#sprite","https://41.media.tumblr.com/5139919867cb631b5f805b12b659745d/tumblr_o5785vR30Q1qzzczko2_500.png#sprite","https://41.media.tumblr.com/d8fabb817a5933ee9a29109129e7b744/tumblr_o5785vR30Q1qzzczko3_500.png#sprite","https://40.media.tumblr.com/d60398cf46aace8abc798fe1a6d0f15d/tumblr_o5785vR30Q1qzzczko4_500.png#sprite","https://40.media.tumblr.com/3ea47d4ef13607f8c4ed9dac0dc13789/tumblr_o5785vR30Q1qzzczko5_500.png#sprite","https://41.media.tumblr.com/864b40d236698c1df6e9e9ff108c68bb/tumblr_o5785vR30Q1qzzczko6_500.png#sprite","https://41.media.tumblr.com/372ebe82cb79eb33251776c8baf78478/tumblr_o5785vR30Q1qzzczko7_500.png#sprite","https://41.media.tumblr.com/5d52e875b7bcf646ed7584b1f05d48a7/tumblr_o5785vR30Q1qzzczko8_500.png#sprite","https://40.media.tumblr.com/5730458d3149f49a03fa75db5e4ab1eb/tumblr_o5785vR30Q1qzzczko9_500.png#sprite","https://40.media.tumblr.com/bb119449468377b5935598791dfeccd8/tumblr_o5785vR30Q1qzzczko10_500.png#sprite","https://40.media.tumblr.com/074636db3aa308f1f4c00681fdd6fc22/tumblr_o578aazT2P1qzzczko1_500.png#sprite","https://40.media.tumblr.com/acb2857c7ca40d203e361be161d978c2/tumblr_o578aazT2P1qzzczko2_500.png#sprite","https://40.media.tumblr.com/9c3850615cfdcc050cc5cf148fcf830b/tumblr_o578aazT2P1qzzczko3_500.png#sprite","https://40.media.tumblr.com/c2f6719133442d1a3e6f6f7a63e183db/tumblr_o578aazT2P1qzzczko4_500.png#sprite","https://40.media.tumblr.com/37c7a03e39d3cb21a567a13f080b6cd9/tumblr_o578aazT2P1qzzczko5_500.png#sprite","https://41.media.tumblr.com/3cd6b2921cadf7ab5d31164acfb5c8cd/tumblr_o578aazT2P1qzzczko6_500.png#sprite","https://41.media.tumblr.com/fe2268fe242c9906af7683f1ecea32f7/tumblr_o578aazT2P1qzzczko7_500.png#sprite","https://40.media.tumblr.com/f62e632d13b21b4de8d07be3fe28c9b3/tumblr_o578aazT2P1qzzczko8_500.png#sprite","https://41.media.tumblr.com/f04b927876916cbfd1a0856335f8412d/tumblr_o578aazT2P1qzzczko9_500.png#sprite","https://41.media.tumblr.com/add6f3dd360327cfa82efc24b598182a/tumblr_o578aazT2P1qzzczko10_500.png#sprite","https://41.media.tumblr.com/ddbefcada41793735ffe5eff60206b5b/tumblr_o578efmHw91qzzczko1_500.png#sprite","https://41.media.tumblr.com/83ec16717ae70b36e85147a8c1e4d5da/tumblr_o578efmHw91qzzczko2_500.png#sprite","https://41.media.tumblr.com/08e86a9fb9cd1a0f8072f73949cf1c49/tumblr_o578efmHw91qzzczko3_500.png#sprite","https://40.media.tumblr.com/7d2bfe44b30d392eaaa2b229d5648278/tumblr_o578efmHw91qzzczko4_500.png#sprite","https://36.media.tumblr.com/8b8ea25d14ea08bd3918b15988ce2ee3/tumblr_o578efmHw91qzzczko5_500.png#sprite","https://36.media.tumblr.com/020ee73329043e90787bb1b5eb8be30e/tumblr_o578efmHw91qzzczko6_500.png#sprite"],"komaru-bracelet":["https://abimon.org/dr/busts/komaru/31.png#sprite","https://abimon.org/dr/busts/komaru/32.png#sprite","https://abimon.org/dr/busts/komaru/33.png#sprite","https://abimon.org/dr/busts/komaru/34.png#sprite","https://abimon.org/dr/busts/komaru/36.png#sprite","https://abimon.org/dr/busts/komaru/37.png#sprite","https://abimon.org/dr/busts/komaru/38.png#sprite","https://abimon.org/dr/busts/komaru/39.png#sprite","https://abimon.org/dr/busts/komaru/40.png#sprite","https://abimon.org/dr/busts/komaru/41.png#sprite","https://abimon.org/dr/busts/komaru/42.png#sprite","https://abimon.org/dr/busts/komaru/43.png#sprite","https://abimon.org/dr/busts/komaru/44.png#sprite","https://abimon.org/dr/busts/komaru/45.png#sprite","https://abimon.org/dr/busts/komaru/46.png#sprite","https://abimon.org/dr/busts/komaru/47.png#sprite","https://abimon.org/dr/busts/komaru/48.png#sprite","https://abimon.org/dr/busts/komaru/49.png#sprite","https://abimon.org/dr/busts/komaru/50.png#sprite","https://abimon.org/dr/busts/komaru/51.png#sprite","https://abimon.org/dr/busts/komaru/52.png#sprite","https://abimon.org/dr/busts/komaru/53.png#sprite","https://abimon.org/dr/busts/komaru/54.png#sprite","https://abimon.org/dr/busts/komaru/55.png#sprite","https://abimon.org/dr/busts/komaru/56.png#sprite"],"kotoko":["https://i.imgur.com/ypQTomm.png#sprite","https://i.imgur.com/Q66eFVQ.png#sprite","https://i.imgur.com/zArIcbD.png#sprite","https://i.imgur.com/Rr1YIzt.png#sprite","https://i.imgur.com/yOpaI8T.png#sprite","https://i.imgur.com/DR9K4wm.png#sprite","https://i.imgur.com/YojpxI3.png#sprite","https://i.imgur.com/rv5MzrN.png#sprite","https://i.imgur.com/4HsoYQw.png#sprite","https://i.imgur.com/jxxKpv5.png#sprite","https://i.imgur.com/MyiPok3.png#sprite","https://i.imgur.com/raffUXD.png#sprite","https://i.imgur.com/sT80NNX.png#sprite","https://i.imgur.com/pRH7SJk.png#sprite","https://i.imgur.com/2lEXlrl.png#sprite","https://i.imgur.com/czbKAwp.png#sprite","https://i.imgur.com/K7AlsHO.png#sprite"],"kurokuma":["https://i.imgur.com/wysZUKr.png#sprite","https://i.imgur.com/ZfgwJ7p.png#sprite","https://i.imgur.com/3eljHcd.png#sprite","https://i.imgur.com/LYwlO4Y.png#sprite","https://i.imgur.com/Nick4Kz.png#sprite","https://i.imgur.com/xxFd7gC.png#sprite","https://i.imgur.com/YRKLxUD.png#sprite"],"kyouko":["https://abimon.org/dr/busts/kyoko/00.png#sprite","https://abimon.org/dr/busts/kyoko/01.png#sprite","https://abimon.org/dr/busts/kyoko/02.png#sprite","https://abimon.org/dr/busts/kyoko/03.png#sprite","https://abimon.org/dr/busts/kyoko/04.png#sprite","https://abimon.org/dr/busts/kyoko/05.png#sprite","https://abimon.org/dr/busts/kyoko/06.png#sprite","https://abimon.org/dr/busts/kyoko/07.png#sprite","https://abimon.org/dr/busts/kyoko/08.png#sprite","https://abimon.org/dr/busts/kyoko/09.png#sprite","https://abimon.org/dr/busts/kyoko/10.png#sprite","https://abimon.org/dr/busts/kyoko/11.png#sprite","https://abimon.org/dr/busts/kyoko/12.png#sprite","https://abimon.org/dr/busts/kyoko/13.png#sprite","https://abimon.org/dr/busts/kyoko/14.png#sprite","https://abimon.org/dr/busts/kyoko/15.png#sprite","https://abimon.org/dr/busts/kyoko/16.png#sprite","https://abimon.org/dr/busts/kyoko/17.png#sprite","https://abimon.org/dr/busts/kyoko/18.png#sprite","https://abimon.org/dr/busts/kyoko/19.png#sprite","https://i.imgur.com/DUSIYwl.png#sprite","https://i.imgur.com/d1NsGrI.png#sprite"],"leon":["https://abimon.org/dr/busts/leon/00.png#sprite","https://abimon.org/dr/busts/leon/01.png#sprite","https://abimon.org/dr/busts/leon/02.png#sprite","https://abimon.org/dr/busts/leon/03.png#sprite","https://abimon.org/dr/busts/leon/04.png#sprite","https://abimon.org/dr/busts/leon/05.png#sprite","https://abimon.org/dr/busts/leon/06.png#sprite","https://abimon.org/dr/busts/leon/07.png#sprite","https://abimon.org/dr/busts/leon/08.png#sprite","https://abimon.org/dr/busts/leon/09.png#sprite","https://abimon.org/dr/busts/leon/10.png#sprite","https://abimon.org/dr/busts/leon/11.png#sprite","https://abimon.org/dr/busts/leon/12.png#sprite","https://abimon.org/dr/busts/leon/13.png#sprite","https://abimon.org/dr/busts/leon/14.png#sprite","https://41.media.tumblr.com/16eb5854e5159050c610d8309e05c350/tumblr_inline_o2kk6tdbek1sj4iq1_500.png#sprite"],"mahiru":["https://abimon.org/dr/busts/mahiru/00.png#sprite","https://abimon.org/dr/busts/mahiru/01.png#sprite","https://abimon.org/dr/busts/mahiru/02.png#sprite","https://abimon.org/dr/busts/mahiru/03.png#sprite","https://abimon.org/dr/busts/mahiru/04.png#sprite","https://abimon.org/dr/busts/mahiru/05.png#sprite","https://abimon.org/dr/busts/mahiru/06.png#sprite","https://abimon.org/dr/busts/mahiru/07.png#sprite","https://abimon.org/dr/busts/mahiru/08.png#sprite","https://abimon.org/dr/busts/mahiru/09.png#sprite","https://abimon.org/dr/busts/mahiru/10.png#sprite","https://abimon.org/dr/busts/mahiru/11.png#sprite","https://abimon.org/dr/busts/mahiru/12.png#sprite","https://abimon.org/dr/busts/mahiru/13.png#sprite","https://abimon.org/dr/busts/mahiru/14.png#sprite","https://abimon.org/dr/busts/mahiru/15.png#sprite","https://abimon.org/dr/busts/mahiru/16.png#sprite","https://abimon.org/dr/busts/mahiru/17.png#sprite","https://abimon.org/dr/busts/mahiru/18.png#sprite","https://abimon.org/dr/busts/mahiru/19.png#sprite","https://abimon.org/dr/busts/mahiru/20.png#sprite","https://65.media.tumblr.com/93902fa38d96c224bf9f0ef794ceadc9/tumblr_mqej6gjibB1ql9bpco2_500.png#sprite","https://i.imgur.com/8Qxou7j.png#sprite"],"makoto":["https://41.media.tumblr.com/7547e778a94bb65aec04f9562035c3ea/tumblr_inline_o2b56jToDx1sj4iq1_500.png#sprite","https://40.media.tumblr.com/ed5121d1a074e73abc8d3c16e0844193/tumblr_inline_o2bbvvh4RL1sj4iq1_500.png#sprite","https://40.media.tumblr.com/8d89d21cbed0aaf86a88c2795f65e4db/tumblr_inline_o2b53hMyq81sj4iq1_500.png#sprite","https://33.media.tumblr.com/da54968ae4026166f0a373289936da39/tumblr_inline_mr4utmSpij1qz4rgp.png#sprite","https://38.media.tumblr.com/9f8af0f9235757fd47203c5b3a207d3a/tumblr_inline_mr4urxIwL11qz4rgp.png#sprite","https://33.media.tumblr.com/fa1867c28e893385f6865f2c0ecd64a2/tumblr_inline_mr4usuLlc81qz4rgp.png#sprite","https://31.media.tumblr.com/a3a98bfa39d05cdc891768dc6dcde099/tumblr_inline_mr4urlzf2f1qz4rgp.png#sprite","https://41.media.tumblr.com/7f92f297cf12a0ce9f5feed852292301/tumblr_inline_o2ivu9tYw11sj4iq1_500.png#sprite","https://33.media.tumblr.com/ccb666436a307487a71a602928f3be8d/tumblr_inline_mr4urp2Acf1qz4rgp.png#sprite","https://40.media.tumblr.com/d1d6b53657ca6d9da530db97c74f8696/tumblr_inline_o2bbqs768z1sj4iq1_500.png#sprite","https://40.media.tumblr.com/8ed786b254bb8b3c60816840c8468bce/tumblr_inline_o2iw4d1U0Q1sj4iq1_500.png#sprite","https://38.media.tumblr.com/583ef241ab328d50a25d632b2ee3e396/tumblr_inline_mr4upnNdqf1qz4rgp.png#sprite","https://38.media.tumblr.com/c703b226d67128373cf5115ca6344873/tumblr_inline_mr4uq0YBGr1qz4rgp.png#sprite","https://38.media.tumblr.com/0ac5dd2104b278ef2157b4667688f8d4/tumblr_inline_mr4uts1mPK1qz4rgp.png#sprite","https://38.media.tumblr.com/1b80bb655f694335ab3fa7528f28c07d/tumblr_inline_mr4upcYAMB1qz4rgp.png#sprite","https://33.media.tumblr.com/64ce6fce1ae11aabffdca0ec44dec6ac/tumblr_inline_mr4usjLUI51qz4rgp.png#sprite","https://31.media.tumblr.com/587c2c1d1d77dce749d5486e1baafd4f/tumblr_inline_mr4utpzpvm1qz4rgp.png#sprite","https://38.media.tumblr.com/7842492a19dcca1a3d9626d644d1d77c/tumblr_inline_mr4ut20m7n1qz4rgp.png#sprite","https://38.media.tumblr.com/917a1cae3225255bf6bbb33cb3616272/tumblr_inline_mr4uqaTY7h1qz4rgp.png#sprite","https://38.media.tumblr.com/e0a6b2245b57934dbd011736bd1f4a26/tumblr_inline_mr4utiI6mq1qz4rgp.png#sprite","https://38.media.tumblr.com/2100929f0b1a32ba9c54064add17d0b0/tumblr_inline_mr4utfIIKB1qz4rgp.png#sprite","https://40.media.tumblr.com/cfc3bc12751412b7394772d13364598b/tumblr_inline_nztyy1jwm51sj4iq1_500.png#sprite","https://i.imgur.com/cnYhuBk.png#sprite"],"masaru":["https://i.imgur.com/ZGfvSel.png#sprite","https://i.imgur.com/6I0NNKq.png#sprite","https://i.imgur.com/FvTlvhs.png#sprite","https://i.imgur.com/VhvwVI3.png#sprite","https://i.imgur.com/pg6q8mS.png#sprite","https://i.imgur.com/YRlxzxN.png#sprite","https://i.imgur.com/VjiQykZ.png#sprite","https://i.imgur.com/EjJpbsg.png#sprite","https://i.imgur.com/fnrt883.png#sprite","https://i.imgur.com/FFkzQJR.png#sprite","https://i.imgur.com/F3e5wSi.png#sprite","https://i.imgur.com/pS4eJAi.png#sprite","https://i.imgur.com/sX7Ae1d.png#sprite","https://i.imgur.com/cJ4LMs9.png#sprite"],"mechamaru":["https://abimon.org/dr/busts/mechamaru/30.png#sprite","https://abimon.org/dr/busts/mechamaru/31.png#sprite","https://abimon.org/dr/busts/mechamaru/32.png#sprite","https://abimon.org/dr/busts/mechamaru/33.png#sprite","https://abimon.org/dr/busts/mechamaru/34.png#sprite","https://abimon.org/dr/busts/mechamaru/35.png#sprite","https://abimon.org/dr/busts/mechamaru/36.png#sprite","https://abimon.org/dr/busts/mechamaru/37.png#sprite","https://abimon.org/dr/busts/mechamaru/38.png#sprite","https://abimon.org/dr/busts/mechamaru/39.png#sprite"],"mikan":["https://abimon.org/dr/busts/mikan/00.png#sprite","https://abimon.org/dr/busts/mikan/01.png#sprite","https://abimon.org/dr/busts/mikan/02.png#sprite","https://abimon.org/dr/busts/mikan/03.png#sprite","https://abimon.org/dr/busts/mikan/04.png#sprite","https://abimon.org/dr/busts/mikan/05.png#sprite","https://abimon.org/dr/busts/mikan/06.png#sprite","https://abimon.org/dr/busts/mikan/07.png#sprite","https://abimon.org/dr/busts/mikan/08.png#sprite","https://abimon.org/dr/busts/mikan/09.png#sprite","https://abimon.org/dr/busts/mikan/10.png#sprite","https://abimon.org/dr/busts/mikan/11.png#sprite","https://abimon.org/dr/busts/mikan/12.png#sprite","https://abimon.org/dr/busts/mikan/13.png#sprite","https://abimon.org/dr/busts/mikan/14.png#sprite","https://abimon.org/dr/busts/mikan/15.png#sprite","https://abimon.org/dr/busts/mikan/16.png#sprite","https://abimon.org/dr/busts/mikan/17.png#sprite","https://abimon.org/dr/busts/mikan/18.png#sprite","https://abimon.org/dr/busts/mikan/19.png#sprite","https://abimon.org/dr/busts/mikan/20.png#sprite","https://abimon.org/dr/busts/mikan/21.png#sprite","https://abimon.org/dr/busts/mikan/22.png#sprite","https://abimon.org/dr/busts/mikan/23.png#sprite"],"monaka":["https://i.imgur.com/IS0flRw.png#sprite","https://i.imgur.com/MfaubVR.png#sprite","https://i.imgur.com/oKJtI9I.png#sprite","https://i.imgur.com/jZmLXku.png#sprite","https://i.imgur.com/BuDzlAm.png#sprite","https://i.imgur.com/bXp00wx.png#sprite","https://i.imgur.com/Hc3dy0r.png#sprite","https://i.imgur.com/Gd4TMoU.png#sprite","https://i.imgur.com/Ni7AIim.png#sprite","https://i.imgur.com/tYZhCCy.png#sprite","https://i.imgur.com/JQghqJA.png#sprite","https://i.imgur.com/PKu0Eet.png#sprite","https://i.imgur.com/PWNyLQp.png#sprite","https://i.imgur.com/gqKxWsr.png#sprite","https://i.imgur.com/cxq3ZZE.png#sprite","https://i.imgur.com/svW1zdp.png#sprite","https://i.imgur.com/8py5wvJ.png#sprite","https://i.imgur.com/1g6QJ3h.png#sprite","https://i.imgur.com/h0OnvCl.png#sprite","https://i.imgur.com/c4zk8Re.png#sprite","https://i.imgur.com/asw6oia.png#sprite"],"mondo":["https://abimon.org/dr/busts/mondo/00.png#sprite","https://abimon.org/dr/busts/mondo/01.png#sprite","https://abimon.org/dr/busts/mondo/02.png#sprite","https://abimon.org/dr/busts/mondo/03.png#sprite","https://abimon.org/dr/busts/mondo/04.png#sprite","https://abimon.org/dr/busts/mondo/05.png#sprite","https://abimon.org/dr/busts/mondo/06.png#sprite","https://abimon.org/dr/busts/mondo/07.png#sprite","https://abimon.org/dr/busts/mondo/08.png#sprite","https://abimon.org/dr/busts/mondo/09.png#sprite","https://abimon.org/dr/busts/mondo/10.png#sprite","https://abimon.org/dr/busts/mondo/11.png#sprite","https://abimon.org/dr/busts/mondo/12.png#sprite","https://abimon.org/dr/busts/mondo/13.png#sprite","https://abimon.org/dr/busts/mondo/14.png#sprite","https://abimon.org/dr/busts/mondo/15.png#sprite","https://abimon.org/dr/busts/mondo/15_us.png#sprite","https://abimon.org/dr/busts/mondo/16.png#sprite","https://abimon.org/dr/busts/mondo/17.png#sprite","https://41.media.tumblr.com/00a11ab74f609abefce2edccfed16b23/tumblr_inline_o2me19yo9H1sj4iq1_500.png#sprite","https://40.media.tumblr.com/2e01b8036d4d15aad18efd1a7ace916e/tumblr_inline_nzfonaUZW31sj4iq1_500.png#sprite","https://41.media.tumblr.com/84563542850117883fd4ad295fdfe5b2/tumblr_inline_o2kfnxuUCX1sj4iq1_500.png#sprite","https://67.media.tumblr.com/5d8d55d66b35b9f070f01cc8d4474ebc/tumblr_mkc7vwEOXh1re9oq6o3_500.png#sprite","https://67.media.tumblr.com/a42002d776fb8e47d49b6705ee522c90/tumblr_mkc7vwEOXh1re9oq6o7_r2_500.png#sprite","https://67.media.tumblr.com/2c45d9855e1f1eda15a1e02714be6a28/tumblr_mkc7vwEOXh1re9oq6o6_r1_500.png#sprite","https://67.media.tumblr.com/8ed1e2c8de6bedfa3069272e7a83f699/tumblr_mkc7vwEOXh1re9oq6o1_500.png#sprite","https://66.media.tumblr.com/f57df2506eef7913cf841bb5d53ca990/tumblr_mkc7vwEOXh1re9oq6o5_500.png#sprite","https://66.media.tumblr.com/1234fb40fa247fa11dd71574d0432566/tumblr_mkc7vwEOXh1re9oq6o4_500.png#sprite","https://65.media.tumblr.com/c80c2be6d43da8e52b0388da1f7b7655/tumblr_mkc7vwEOXh1re9oq6o2_500.png#sprite","https://i.imgur.com/AzNmX1b.png#sprite"],"monokuma":["https://abimon.org/dr/busts/monokuma/00.png#sprite","https://abimon.org/dr/busts/monokuma/01.png#sprite","https://abimon.org/dr/busts/monokuma/02.png#sprite","https://abimon.org/dr/busts/monokuma/03.png#sprite","https://abimon.org/dr/busts/monokuma/04.png#sprite","https://abimon.org/dr/busts/monokuma/05.png#sprite","https://abimon.org/dr/busts/monokuma/06.png#sprite","https://abimon.org/dr/busts/monokuma/07.png#sprite","https://abimon.org/dr/busts/monokuma/08.png#sprite","https://abimon.org/dr/busts/monokuma/09.png#sprite","https://abimon.org/dr/busts/monokuma/10.png#sprite","https://abimon.org/dr/busts/monokuma/11.png#sprite","https://abimon.org/dr/busts/monokuma/12.png#sprite","https://abimon.org/dr/busts/monokuma/13.png#sprite","https://abimon.org/dr/busts/monokuma/14.png#sprite","https://40.media.tumblr.com/7ef77347d4bc9ed1ef1ff660cb843002/tumblr_o5eszaof2W1qzzczko1_1280.png#sprite","https://41.media.tumblr.com/bd60f520c6242f41f515ff7851a3aca8/tumblr_o5eszaof2W1qzzczko2_500.png#sprite","https://40.media.tumblr.com/6df05280e2e26a3c1cae4afb7128d053/tumblr_o5eszaof2W1qzzczko3_500.png#sprite","https://40.media.tumblr.com/db07a2711b2e12958eabf7611d7bd222/tumblr_o5eszaof2W1qzzczko4_500.png#sprite","https://40.media.tumblr.com/98fdfa8931a5d2c01e066d2649a67754/tumblr_o5eszaof2W1qzzczko5_500.png#sprite","https://40.media.tumblr.com/0680e9f630509fa5a414ac7d785c96bf/tumblr_o5eszaof2W1qzzczko6_500.png#sprite","https://i.imgur.com/d9GnbIC.png#sprite","http://vignette4.wikia.nocookie.net/danganronpa/images/0/0d/Mono_fight_GIF.gif#sprite","http://vignette3.wikia.nocookie.net/danganronpa/images/5/54/Mono_kick.gif#sprite","http://vignette2.wikia.nocookie.net/danganronpa/images/f/f7/Monokuma_Meteoro_de_Pegaso_%28GIF%29.gif#sprite"],"monomi":["https://abimon.org/dr/busts/monomi/00.png#sprite","https://abimon.org/dr/busts/monomi/01.png#sprite","https://abimon.org/dr/busts/monomi/02.png#sprite","https://abimon.org/dr/busts/monomi/03.png#sprite","https://abimon.org/dr/busts/monomi/04.png#sprite","https://abimon.org/dr/busts/monomi/05.png#sprite","https://abimon.org/dr/busts/monomi/06.png#sprite","https://abimon.org/dr/busts/monomi/07.png#sprite","https://abimon.org/dr/busts/monomi/08.png#sprite","https://abimon.org/dr/busts/monomi/09.png#sprite","https://abimon.org/dr/busts/monomi/10.png#sprite","https://abimon.org/dr/busts/monomi/11.png#sprite","https://abimon.org/dr/busts/monomi/12.png#sprite","https://abimon.org/dr/busts/monomi/13.png#sprite","https://abimon.org/dr/busts/monomi/14.png#sprite","https://abimon.org/dr/busts/monomi/15.png#sprite","https://abimon.org/dr/busts/monomi/16.png#sprite","https://abimon.org/dr/busts/monomi/17.png#sprite","https://abimon.org/dr/busts/monomi/18.png#sprite","https://abimon.org/dr/busts/monomi/19.png#sprite","https://abimon.org/dr/busts/monomi/20.png#sprite","https://abimon.org/dr/busts/monomi/21.png#sprite","https://abimon.org/dr/busts/monomi/22.png#sprite","https://i.imgur.com/Zhfhi8U.png#sprite","https://i.imgur.com/Nuu3rgm.png#sprite","https://67.media.tumblr.com/f9c8d41fa36b9d3b4dea067630f9f830/tumblr_inline_o7pgucfRAH1qzytu7_540.png#sprite","https://i.imgur.com/Q5cXWAf.png#sprite"],"mukuro":["https://36.media.tumblr.com/5b922a0f8f7515ca405c0d249ccd093a/tumblr_inline_o2iunoAZen1sj4iq1_500.png#sprite","https://36.media.tumblr.com/f7d23077548427cc6d30044abaca542b/tumblr_inline_o232oedKvB1sj4iq1_500.png#sprite","https://40.media.tumblr.com/5b274365ba3cffa177b44745eedb94b9/tumblr_inline_o2kbdfGvYq1sj4iq1_500.png#sprite","https://41.media.tumblr.com/858f9e6b8b103bb71d3bc0e3b77817d7/tumblr_inline_o2iw76ykC81sj4iq1_500.png#sprite","https://41.media.tumblr.com/ed1b4f77f9c0889209f7321ccea2adf3/tumblr_inline_nzwewaUIsr1sj4iq1_500.png#sprite","https://36.media.tumblr.com/2fba76f5a156426c390ea25aff0c2ae5/tumblr_inline_o2ivficz881sj4iq1_500.png#sprite","https://41.media.tumblr.com/43d2c4040341829ae52f0e9a57b14b58/tumblr_inline_o2iuwvztSZ1sj4iq1_500.png#sprite","https://40.media.tumblr.com/8753982157338e648bc81788b309157f/tumblr_inline_o2b4q73lJe1sj4iq1_500.png#sprite","https://40.media.tumblr.com/9518fef9a805783bcc913925ec5d4c81/tumblr_inline_o2ivhtzrM31sj4iq1_500.png#sprite","https://41.media.tumblr.com/cdbebfcacdcd1598e618403f35b8c4d1/tumblr_inline_o2iuolHaWS1sj4iq1_500.png#sprite","https://40.media.tumblr.com/e4ae3d5c6c2da3a21fb21d0b6233ce17/tumblr_inline_o2iuu0Xqsd1sj4iq1_500.png#sprite","https://41.media.tumblr.com/e87fc0fe94adaaf16332e0b5aa376f45/tumblr_inline_o2k7tup3rI1sj4iq1_500.png#sprite","https://41.media.tumblr.com/0f635ae51d4eb2d7d615cc42b7a58df4/tumblr_inline_o2k7hfbb6I1sj4iq1_500.png#sprite","https://40.media.tumblr.com/e84d4aa4e205cd09b00c03a0ce28989f/tumblr_inline_o2k14nikvI1sj4iq1_500.png#sprite","https://41.media.tumblr.com/05c0470e9a85e9f44cc5270a458dcb8d/tumblr_inline_o2iwgx8IFQ1sj4iq1_500.png#sprite","https://40.media.tumblr.com/a4b3ca7f67ef41c7293bd69f09e56f89/tumblr_inline_o2h48983o31sj4iq1_500.png#sprite","https://36.media.tumblr.com/3e6b4c078e23bd4c186fb89948c5f65c/tumblr_inline_o2b6a9m5aC1sj4iq1_500.png#sprite","https://i.imgur.com/olAjIgk.png#sprite","https://i.imgur.com/03YwSrN.png#sprite","https://i.imgur.com/yZZpUlt.png#sprite","https://i.imgur.com/jOknKDm.png#sprite","https://i.imgur.com/H7F6S4F.png#sprite","https://i.imgur.com/HwGXvcY.png#sprite","https://i.imgur.com/uhJU2pb.png#sprite","https://i.imgur.com/L1tJf8L.png#sprite","https://i.imgur.com/dagkWqp.png#sprite","https://i.imgur.com/Yw5aFpq.png#sprite","https://i.imgur.com/A2oTCCH.png#sprite","https://67.media.tumblr.com/59473c924ca60351492284ffcfdbd464/tumblr_oc87c3tHyO1vxw2pbo1_500.png#sprite","https://66.media.tumblr.com/69171c312017a139e3d54c492622d71d/tumblr_oc87c3tHyO1vxw2pbo2_500.png#sprite","https://i.imgur.com/O1LN75a.png#sprite","https://i.imgur.com/7SwV7wo.png#sprite","https://i.imgur.com/KyprQrw.png#sprite","https://i.imgur.com/lwrAmoe.png#sprite","https://i.imgur.com/Nc9FLXG.png#sprite","https://i.imgur.com/TfqI6NY.png#sprite","https://i.imgur.com/S1aXx0j.png#sprite","https://i.imgur.com/pj9YAvD.png#sprite","https://i.imgur.com/9iuT52j.png#sprite","https://i.imgur.com/jJQ2eBN.png#sprite","https://i.imgur.com/BHM1sGz.png#sprite","https://31.media.tumblr.com/1c203f10993fd138014806149f517325/tumblr_inline_n32pdyPulJ1s5wult.png#sprite","https://41.media.tumblr.com/6f3817d4b97a66b34f6b67cc0795be29/tumblr_inline_o2gizeTXca1sj4iq1_500.png#sprite","https://38.media.tumblr.com/eb18b93a171ae1186baad4ba58467fae/tumblr_inline_n0lxnhzeRa1syelx4.png#sprite","https://65.media.tumblr.com/a3d44f07d9a6fa2587c7802d6f8d24e4/tumblr_o7749e09lX1qfzppho1_500.png#sprite","https://67.media.tumblr.com/e7442106f7f21a5923137dd55c0982d5/tumblr_o7749e09lX1qfzppho6_r1_500.png#sprite","https://36.media.tumblr.com/c1df26ae5acfde51e846bb74524e3743/tumblr_inline_o2kidjqt3D1sj4iq1_500.png#sprite","https://41.media.tumblr.com/46d3b380ab6d3a6d13f2a168e934cd09/tumblr_inline_o2kbwa9mAg1sj4iq1_500.png#sprite","https://41.media.tumblr.com/7abd293093632a61fe51d65b2fc41db6/tumblr_inline_o2khy6NfMK1sj4iq1_500.png#sprite","https://38.media.tumblr.com/f76bba70d7d0d31afd9de8e80369fb1c/tumblr_inline_n0lxv4E4vc1syelx4.png#sprite","https://40.media.tumblr.com/9723ce9b9beb1f38bbf9b23d4be456b4/tumblr_inline_o2kebnFS7B1sj4iq1_500.png#sprite","https://40.media.tumblr.com/9b44bee6b3008bc801fc959e757704cd/tumblr_inline_o2klk8xaUq1sj4iq1_500.png#sprite","https://i.imgur.com/Bx4uReP.png#sprite"],"nagisa":["http://vignette3.wikia.nocookie.net/danganronpa/images/c/c0/Nagisa_shingetsu_01.png#sprite","http://vignette1.wikia.nocookie.net/danganronpa/images/3/3a/Nagisa_shingetsu_02.png#sprite","http://vignette4.wikia.nocookie.net/danganronpa/images/a/a2/Nagisa_shingetsu_03.png#sprite","http://vignette1.wikia.nocookie.net/danganronpa/images/f/fb/Nagisa_shingetsu_04.png#sprite","http://vignette2.wikia.nocookie.net/danganronpa/images/7/7f/Nagisa_shingetsu_05.png#sprite","http://vignette3.wikia.nocookie.net/danganronpa/images/9/9d/Nagisa_shingetsu_06.png#sprite","http://vignette3.wikia.nocookie.net/danganronpa/images/b/ba/Nagisa_shingetsu_07.png#sprite","http://vignette2.wikia.nocookie.net/danganronpa/images/6/6a/Nagisa_shingetsu_08.png#sprite","http://vignette4.wikia.nocookie.net/danganronpa/images/7/75/Nagisa_shingetsu_09.png#sprite","http://vignette3.wikia.nocookie.net/danganronpa/images/b/b3/Nagisa_shingetsu_10.png#sprite","http://vignette2.wikia.nocookie.net/danganronpa/images/8/8a/Nagisa_shingetsu_11.png#sprite","http://vignette2.wikia.nocookie.net/danganronpa/images/9/9e/Nagisa_shingetsu_12.png#sprite","http://vignette4.wikia.nocookie.net/danganronpa/images/5/5f/Nagisa_shingetsu_13.png#sprite","http://vignette1.wikia.nocookie.net/danganronpa/images/c/c2/Nagisa_shingetsu_14.png#sprite","http://vignette1.wikia.nocookie.net/danganronpa/images/1/15/Nagisa_shingetsu_15.png#sprite","http://vignette3.wikia.nocookie.net/danganronpa/images/6/6b/Nagisa_shingetsu_16.png#sprite"],"nagito":["https://abimon.org/dr/busts/nagito/00.png#sprite","https://abimon.org/dr/busts/nagito/01.png#sprite","https://abimon.org/dr/busts/nagito/02.png#sprite","https://abimon.org/dr/busts/nagito/03.png#sprite","https://abimon.org/dr/busts/nagito/04.png#sprite","https://abimon.org/dr/busts/nagito/05.png#sprite","https://abimon.org/dr/busts/nagito/06.png#sprite","https://abimon.org/dr/busts/nagito/07.png#sprite","https://abimon.org/dr/busts/nagito/08.png#sprite","https://abimon.org/dr/busts/nagito/09.png#sprite","https://abimon.org/dr/busts/nagito/10.png#sprite","https://abimon.org/dr/busts/nagito/11.png#sprite","https://abimon.org/dr/busts/nagito/12.png#sprite","https://abimon.org/dr/busts/nagito/13.png#sprite","https://abimon.org/dr/busts/nagito/14.png#sprite","https://abimon.org/dr/busts/nagito/15.png#sprite","https://abimon.org/dr/busts/nagito/16.png#sprite","https://abimon.org/dr/busts/nagito/17.png#sprite","https://abimon.org/dr/busts/nagito/18.png#sprite","https://abimon.org/dr/busts/nagito/19.png#sprite","https://abimon.org/dr/busts/nagito/21.png#sprite","https://abimon.org/dr/busts/nagito/22.png#sprite","https://abimon.org/dr/busts/nagito/23.png#sprite","https://abimon.org/dr/busts/nagito/25.png#sprite","https://abimon.org/dr/busts/nagito/26.png#sprite","https://abimon.org/dr/busts/nagito/27.png#sprite","https://abimon.org/dr/busts/nagito/28.png#sprite","https://65.media.tumblr.com/bc67476a52fefb1bb7e5289d7369ece4/tumblr_ocbwwmtw2s1vxw2pbo2_1280.png#sprite","https://67.media.tumblr.com/f69a4aa2617b6a0907fef756bbc5fa86/tumblr_ocbwwmtw2s1vxw2pbo3_1280.png#sprite","https://66.media.tumblr.com/067defd3e46e7aa5e6118dc927420e91/tumblr_ocbwwmtw2s1vxw2pbo1_1280.png#sprite","https://66.media.tumblr.com/40096bff860745c2b6e4b5f59184894c/tumblr_mqudefKXYj1s7nvhyo1_500.gif#sprite","https://67.media.tumblr.com/035af4714eefc34a0d425bde8a408ad4/tumblr_mt4z6dCCDD1sbetdio2_500.png#sprite","https://66.media.tumblr.com/8f0f28d8e0b91ba1425b8f05818e8759/tumblr_msiuq5rpel1swgw57o1_500.png#sprite","https://67.media.tumblr.com/c1ea459939d1d777e0ab19884a176c52/tumblr_monqox3E8l1r0iaydo4_500.png#sprite","https://40.media.tumblr.com/568a23987ddf69aad71b897c3419c025/tumblr_inline_nrzf2sy3PN1two1y3_500.png#sprite","https://40.media.tumblr.com/7965eaa343c134ca02deaf90930909c1/tumblr_inline_o2hse10dp21tmkdg1_500.png#sprite","https://67.media.tumblr.com/6b90236eec63d7d2bbd6b9a7700cfaaf/tumblr_mv9cg6brWl1sbetdio1_500.png#sprite","https://66.media.tumblr.com/72890612351fc08a8e0ba406c09e604f/tumblr_o8aax0LuVL1qzzczko1_1280.png#sprite","https://38.media.tumblr.com/4f2f0bb327d2da7a2870b559e9609973/tumblr_inline_mjs08cVz3C1qz4rgp.png#sprite","https://67.media.tumblr.com/3b9125af8181432152bed0e656b9df7e/tumblr_mzrs6ojzbK1sbetdio3_500.png#sprite","https://67.media.tumblr.com/d326926bfe49ba1ce812da9351320161/tumblr_n147k540dy1t5dv4do2_r1_500.png#sprite","https://67.media.tumblr.com/bf1d427befd2e2d82ffe92b21c4e9d70/tumblr_msb8w8EvLw1sh1nwco1_500.png#sprite","https://67.media.tumblr.com/f40c16d8a86728bf71059164d7b83cb5/tumblr_mqeouwM0Xb1ql9bpco2_500.png#sprite","https://i.imgur.com/ZkytnCf.png#sprite"],"natsumi":["https://i.imgur.com/AjB3t8R.png#sprite","https://i.imgur.com/3JrH205.png#sprite","https://i.imgur.com/y598sB2.png#sprite","https://i.imgur.com/lrk4Y8p.png#sprite","https://i.imgur.com/NzzjqBO.png#sprite","https://i.imgur.com/LQPl3vE.png#sprite","https://i.imgur.com/H3AhhHH.png#sprite","https://i.imgur.com/3n3M622.png#sprite","https://i.imgur.com/vAQwTeA.png#sprite","https://i.imgur.com/46gejEJ.png#sprite","https://i.imgur.com/v8SK2qq.png#sprite","https://i.imgur.com/BWudBmo.png#sprite","https://i.imgur.com/HXBTH9F.png#sprite","https://i.imgur.com/VqIzXen.png#sprite","https://i.imgur.com/9AaldW3.png#sprite","https://i.imgur.com/I1nfGXs.png#sprite","https://i.imgur.com/miVRikO.png#sprite","https://i.imgur.com/PvHRYQ6.png#sprite","https://i.imgur.com/hDkDte5.png#sprite"],"nekomaru":["https://abimon.org/dr/busts/nekomaru/00.png#sprite","https://abimon.org/dr/busts/nekomaru/01.png#sprite","https://abimon.org/dr/busts/nekomaru/02.png#sprite","https://abimon.org/dr/busts/nekomaru/03.png#sprite","https://abimon.org/dr/busts/nekomaru/04.png#sprite","https://abimon.org/dr/busts/nekomaru/05.png#sprite","https://abimon.org/dr/busts/nekomaru/06.png#sprite","https://abimon.org/dr/busts/nekomaru/07.png#sprite","https://abimon.org/dr/busts/nekomaru/08.png#sprite","https://abimon.org/dr/busts/nekomaru/09.png#sprite","https://abimon.org/dr/busts/nekomaru/10.png#sprite","https://abimon.org/dr/busts/nekomaru/11.png#sprite","https://abimon.org/dr/busts/nekomaru/12.png#sprite","https://abimon.org/dr/busts/nekomaru/13.png#sprite","https://abimon.org/dr/busts/nekomaru/14.png#sprite","https://66.media.tumblr.com/1b974aa3ab2aeea7a22442c3c1ce6f55/tumblr_inline_o6ui6g4E7V1qzytu7_540.png#sprite","https://67.media.tumblr.com/89b5540cb9c1a64d887a404138f92f59/tumblr_inline_o6ui6ldF1B1qzytu7_540.png#sprite","https://67.media.tumblr.com/a492053779e4a394e45bf4e7bbdcaa02/tumblr_mqej6gjibB1ql9bpco4_500.png#sprite"],"peko":["https://abimon.org/dr/busts/peko/00.png#sprite","https://abimon.org/dr/busts/peko/01.png#sprite","https://abimon.org/dr/busts/peko/02.png#sprite","https://abimon.org/dr/busts/peko/03.png#sprite","https://abimon.org/dr/busts/peko/04.png#sprite","https://abimon.org/dr/busts/peko/05.png#sprite","https://abimon.org/dr/busts/peko/06.png#sprite","https://abimon.org/dr/busts/peko/07.png#sprite","https://abimon.org/dr/busts/peko/08.png#sprite","https://abimon.org/dr/busts/peko/09.png#sprite","https://abimon.org/dr/busts/peko/10.png#sprite","https://abimon.org/dr/busts/peko/11.png#sprite","https://abimon.org/dr/busts/peko/12.png#sprite","https://abimon.org/dr/busts/peko/13.png#sprite","https://abimon.org/dr/busts/peko/14.png#sprite","https://abimon.org/dr/busts/peko/15.png#sprite","https://abimon.org/dr/busts/peko/16.png#sprite","https://abimon.org/dr/busts/peko/17.png#sprite","https://abimon.org/dr/busts/peko/18.png#sprite","https://abimon.org/dr/busts/peko/19.png#sprite","https://abimon.org/dr/busts/peko/20.png#sprite","https://66.media.tumblr.com/b75fb8df4ab34ca77104d9664d9a3b6a/tumblr_mqej6gjibB1ql9bpco5_500.png#sprite","https://i.imgur.com/7EO97vI.png#sprite","https://i.imgur.com/UIYzW8K.png#sprite"],"ryouko":["https://66.media.tumblr.com/24432973846098cb4a075f0cb531b5b3/tumblr_mr73qh9zf21sqhsiao1_r1_500.png#sprite","https://65.media.tumblr.com/50f7bb3f23b92aa669e2a94a272351bf/tumblr_mr73qh9zf21sqhsiao2_r2_500.png#sprite","https://66.media.tumblr.com/644e089fd8472e440c21a5586c8b2c02/tumblr_mr73qh9zf21sqhsiao3_r2_500.png#sprite","https://67.media.tumblr.com/bcea3983f46732e030935e40956fdbf7/tumblr_mr73qh9zf21sqhsiao4_r2_500.png#sprite","https://66.media.tumblr.com/7521ccd9a3e7e6c7ac27d36851522599/tumblr_mr73qh9zf21sqhsiao5_r2_500.png#sprite","https://66.media.tumblr.com/1cae585078b582d8cddbac48c481b26e/tumblr_mr73qh9zf21sqhsiao6_r2_500.png#sprite","https://65.media.tumblr.com/c606b53ededa4c11f18ded79fd7ed7ef/tumblr_ms38uv3HB11sqhsiao2_500.png#sprite","https://67.media.tumblr.com/356983b35dd7e88983ec464f54801fc0/tumblr_ms38uv3HB11sqhsiao1_500.png#sprite","https://65.media.tumblr.com/58397f654747db33d7ab8f4c77650835/tumblr_ms38uv3HB11sqhsiao3_r1_500.png#sprite"],"sakura":["https://abimon.org/dr/busts/sakura/00.png#sprite","https://abimon.org/dr/busts/sakura/01.png#sprite","https://abimon.org/dr/busts/sakura/02.png#sprite","https://abimon.org/dr/busts/sakura/03.png#sprite","https://abimon.org/dr/busts/sakura/04.png#sprite","https://abimon.org/dr/busts/sakura/05.png#sprite","https://abimon.org/dr/busts/sakura/06.png#sprite","https://abimon.org/dr/busts/sakura/07.png#sprite","https://abimon.org/dr/busts/sakura/08.png#sprite","https://abimon.org/dr/busts/sakura/09.png#sprite","https://abimon.org/dr/busts/sakura/10.png#sprite","https://abimon.org/dr/busts/sakura/11.png#sprite","https://67.media.tumblr.com/3abb4f6dde6a3d594e658d39672b90c2/tumblr_oaadpnKlQS1vxw2pbo1_1280.png#sprite"],"sayaka":["https://abimon.org/dr/busts/sayaka/00.png#sprite","https://abimon.org/dr/busts/sayaka/01.png#sprite","https://abimon.org/dr/busts/sayaka/02.png#sprite","https://abimon.org/dr/busts/sayaka/03.png#sprite","https://abimon.org/dr/busts/sayaka/04.png#sprite","https://abimon.org/dr/busts/sayaka/05.png#sprite","https://abimon.org/dr/busts/sayaka/06.png#sprite","https://abimon.org/dr/busts/sayaka/07.png#sprite","https://abimon.org/dr/busts/sayaka/08.png#sprite","https://abimon.org/dr/busts/sayaka/09.png#sprite","https://abimon.org/dr/busts/sayaka/10.png#sprite","https://abimon.org/dr/busts/sayaka/11.png#sprite","https://abimon.org/dr/busts/sayaka/12.png#sprite","https://abimon.org/dr/busts/sayaka/13.png#sprite","https://abimon.org/dr/busts/sayaka/14.png#sprite","https://abimon.org/dr/busts/sayaka/15.png#sprite","https://abimon.org/dr/busts/sayaka/16.png#sprite"],"shirokuma":["https://i.imgur.com/78AW0Q4.png#sprite","https://i.imgur.com/65ykoYl.png#sprite","https://i.imgur.com/3psfUwY.png#sprite","https://i.imgur.com/fUDdCSj.png#sprite","https://i.imgur.com/40hlkuo.png#sprite","https://i.imgur.com/QWXgVKR.png#sprite","https://i.imgur.com/OFV0ULa.png#sprite","https://i.imgur.com/ggrIdsg.png#sprite"],"sonia":["https://abimon.org/dr/busts/sonia/00.png#sprite","https://abimon.org/dr/busts/sonia/01.png#sprite","https://abimon.org/dr/busts/sonia/02.png#sprite","https://abimon.org/dr/busts/sonia/03.png#sprite","https://abimon.org/dr/busts/sonia/04.png#sprite","https://abimon.org/dr/busts/sonia/05.png#sprite","https://abimon.org/dr/busts/sonia/06.png#sprite","https://abimon.org/dr/busts/sonia/07.png#sprite","https://abimon.org/dr/busts/sonia/08.png#sprite","https://abimon.org/dr/busts/sonia/09.png#sprite","https://abimon.org/dr/busts/sonia/10.png#sprite","https://abimon.org/dr/busts/sonia/11.png#sprite","https://abimon.org/dr/busts/sonia/12.png#sprite","https://abimon.org/dr/busts/sonia/13.png#sprite","https://abimon.org/dr/busts/sonia/14.png#sprite","https://abimon.org/dr/busts/sonia/15.png#sprite","https://abimon.org/dr/busts/sonia/18.png#sprite","https://abimon.org/dr/busts/sonia/19.png#sprite","https://abimon.org/dr/busts/sonia/20.png#sprite","https://abimon.org/dr/busts/sonia/21.png#sprite","https://abimon.org/dr/busts/sonia/22.png#sprite","https://abimon.org/dr/busts/sonia/23.png#sprite","https://abimon.org/dr/busts/sonia/24.png#sprite","https://abimon.org/dr/busts/sonia/25.png#sprite","https://abimon.org/dr/busts/sonia/16.png#sprite","https://abimon.org/dr/busts/sonia/17.png#sprite","https://i.imgur.com/GzqzsVP.png#sprite"],"teruteru":["https://abimon.org/dr/busts/teruteru/00.png#sprite","https://abimon.org/dr/busts/teruteru/01.png#sprite","https://abimon.org/dr/busts/teruteru/02.png#sprite","https://abimon.org/dr/busts/teruteru/03.png#sprite","https://abimon.org/dr/busts/teruteru/04.png#sprite","https://abimon.org/dr/busts/teruteru/05.png#sprite","https://abimon.org/dr/busts/teruteru/06.png#sprite","https://abimon.org/dr/busts/teruteru/07.png#sprite","https://abimon.org/dr/busts/teruteru/08.png#sprite","https://abimon.org/dr/busts/teruteru/09.png#sprite","https://abimon.org/dr/busts/teruteru/10.png#sprite","https://abimon.org/dr/busts/teruteru/11.png#sprite","https://abimon.org/dr/busts/teruteru/12.png#sprite","https://abimon.org/dr/busts/teruteru/13.png#sprite","https://abimon.org/dr/busts/teruteru/14.png#sprite","https://abimon.org/dr/busts/teruteru/15.png#sprite","https://abimon.org/dr/busts/teruteru/16.png#sprite","https://abimon.org/dr/busts/teruteru/17.png#sprite","https://abimon.org/dr/busts/teruteru/18.png#sprite","https://abimon.org/dr/busts/teruteru/19.png#sprite","https://abimon.org/dr/busts/teruteru/20.png#sprite","https://abimon.org/dr/busts/teruteru/21.png#sprite","https://67.media.tumblr.com/a95a2e0490691d969aac66cfc166915b/tumblr_mqej6gjibB1ql9bpco1_500.png#sprite","https://67.media.tumblr.com/59dd05ceb24136cdc14d344f5d45d4a3/tumblr_inline_o79bfp2JsY1qzytu7_540.png#sprite","https://66.media.tumblr.com/124e045360589c4d98d2a246a806de6f/tumblr_inline_o79bfsEBzS1qzytu7_540.png#sprite"],"touko":["https://abimon.org/dr/busts/toko/00.png#sprite","https://abimon.org/dr/busts/toko/01.png#sprite","https://abimon.org/dr/busts/toko/02.png#sprite","https://abimon.org/dr/busts/toko/03.png#sprite","https://abimon.org/dr/busts/toko/04.png#sprite","https://abimon.org/dr/busts/toko/05.png#sprite","https://abimon.org/dr/busts/toko/06.png#sprite","https://abimon.org/dr/busts/toko/07.png#sprite","https://abimon.org/dr/busts/toko/08.png#sprite","https://abimon.org/dr/busts/toko/09.png#sprite","https://abimon.org/dr/busts/toko/10.png#sprite","https://abimon.org/dr/busts/toko/11.png#sprite","https://abimon.org/dr/busts/toko/12.png#sprite","https://abimon.org/dr/busts/toko/13.png#sprite","https://abimon.org/dr/busts/toko/14.png#sprite","https://abimon.org/dr/busts/toko/15.png#sprite","https://abimon.org/dr/busts/toko/16.png#sprite","https://41.media.tumblr.com/5cb569d21a2cc56a1ab49855eb87c5a8/tumblr_mo6qw1TOLi1qmskomo1_500.png#sprite","https://36.media.tumblr.com/fdeb00e22d630c32ed8c6359a08e2ec7/tumblr_mo6qw1TOLi1qmskomo2_500.png#sprite","https://40.media.tumblr.com/d7df3d78c17bce6f365c9cc4ce56ce3c/tumblr_mo6qw1TOLi1qmskomo3_500.png#sprite","https://40.media.tumblr.com/eb74996998488a881db609ecd07dd763/tumblr_mo6qw1TOLi1qmskomo4_500.png#sprite","https://41.media.tumblr.com/f9e0462b0003578e62befa669d2f6596/tumblr_mo6qw1TOLi1qmskomo5_500.png#sprite","https://abimon.org/dr/busts/toko/19.png#sprite","https://abimon.org/dr/busts/toko/20.png#sprite","https://abimon.org/dr/busts/toko/21.png#sprite","https://abimon.org/dr/busts/toko/22.png#sprite","https://abimon.org/dr/busts/toko/23.png#sprite","https://abimon.org/dr/busts/toko/24.png#sprite","https://abimon.org/dr/busts/toko/25.png#sprite","https://abimon.org/dr/busts/toko/26.png#sprite","https://abimon.org/dr/busts/toko/27.png#sprite","https://abimon.org/dr/busts/toko/28.png#sprite","https://abimon.org/dr/busts/toko/29.png#sprite","https://abimon.org/dr/busts/toko/30.png#sprite","https://67.media.tumblr.com/321fdecdbc3080397572ef637122aefe/tumblr_o7g6v4r2Z31qzzczko9_1280.png#sprite","https://67.media.tumblr.com/c8c1a7852df63226cb89a3237a162301/tumblr_o7g6v4r2Z31qzzczko10_1280.png#sprite","https://67.media.tumblr.com/d7b9e5a8389e72dc2a5f38c3cb1d6897/tumblr_o7g76rUlQj1qzzczko1_1280.png#sprite","https://66.media.tumblr.com/2e5a75224d8e5fe75112d64119ea3209/tumblr_o7g76rUlQj1qzzczko2_1280.png#sprite","https://66.media.tumblr.com/a9faffe1eb036c7fcbeb8e704642d8ac/tumblr_o7g76rUlQj1qzzczko3_1280.png#sprite","https://66.media.tumblr.com/ca2e083e1afed29aed147b4cfc9ce520/tumblr_o7g76rUlQj1qzzczko4_1280.png#sprite","https://67.media.tumblr.com/b02244f33d7d1755ed4694e872784f94/tumblr_o7g76rUlQj1qzzczko5_1280.png#sprite","https://66.media.tumblr.com/575d042f37cdcc2e13932ca4ccd0762d/tumblr_o7g76rUlQj1qzzczko6_1280.png#sprite","https://67.media.tumblr.com/657021286142df641d95b3bda9d68ef9/tumblr_o7g76rUlQj1qzzczko7_1280.png#sprite","https://67.media.tumblr.com/16e1fb6af4f4e2849966e9159261d0ca/tumblr_o7g76rUlQj1qzzczko8_1280.png#sprite","https://66.media.tumblr.com/cb647fe2558c6bc4368078bc0adc4a25/tumblr_o7g76rUlQj1qzzczko9_1280.png#sprite","https://67.media.tumblr.com/41d9b0edf3871e4307ba45f6b6c587df/tumblr_o7g76rUlQj1qzzczko10_1280.png#sprite","https://67.media.tumblr.com/18108d0e9fa1ef46971afcc86aab7eb6/tumblr_o7g7czjybG1qzzczko1_1280.png#sprite","https://66.media.tumblr.com/3095e273975d1f5b3efa2e3a69cfc685/tumblr_o7g7czjybG1qzzczko2_1280.png#sprite","https://67.media.tumblr.com/de6d898da79f30ff83d5f22730fd287c/tumblr_o7g7czjybG1qzzczko3_1280.png#sprite","https://66.media.tumblr.com/ed530c6f970d1f728b48f5976bb28ad0/tumblr_o7g7czjybG1qzzczko4_1280.png#sprite","https://66.media.tumblr.com/e8443f559f8cf574fb2e609d61628a09/tumblr_o7g7czjybG1qzzczko5_1280.png#sprite","https://67.media.tumblr.com/a2bd9ee437e7e76cfb98f4fa57a52eae/tumblr_o7g7czjybG1qzzczko6_1280.png#sprite","https://67.media.tumblr.com/84ee0bc0582af740988dc599d17b39f6/tumblr_o7g7czjybG1qzzczko7_1280.png#sprite","https://66.media.tumblr.com/c58dba70aa5ef6e85a32f59476f10aff/tumblr_o7g7czjybG1qzzczko8_1280.png#sprite","https://67.media.tumblr.com/5957b06a50a39c7304e266fa9314b4e1/tumblr_o7g7czjybG1qzzczko9_1280.png#sprite","https://67.media.tumblr.com/071c0385f36c06693790ad3dbe2a2bfe/tumblr_o7g7czjybG1qzzczko10_1280.png#sprite","https://66.media.tumblr.com/0865ab8a8fc9473012dcbb93266246a1/tumblr_inline_o7g7fp08431qzytu7_540.png#sprite","https://67.media.tumblr.com/c7f2927141b06ce304e0f624fb096dee/tumblr_inline_o7g7ftvuk71qzytu7_540.png#sprite","https://67.media.tumblr.com/e343924ff8529d0735322aa4c6275a8e/tumblr_inline_o7g7fxfcmP1qzytu7_540.png#sprite","https://67.media.tumblr.com/1eda0d660b0adbf3b7cb0fb5f0dccdf2/tumblr_o7g6v4r2Z31qzzczko1_1280.png#sprite","https://65.media.tumblr.com/062911eda86480d5bbecf4767dde0c5b/tumblr_o7g6v4r2Z31qzzczko2_1280.png#sprite","https://66.media.tumblr.com/2f044fd656b7ee3c78843f0fe979dd85/tumblr_o7g6v4r2Z31qzzczko3_1280.png#sprite","https://67.media.tumblr.com/8ed9442b07483c56830479e68378254f/tumblr_o7g6v4r2Z31qzzczko4_1280.png#sprite","https://67.media.tumblr.com/e91847260b0107243630cec44292efcf/tumblr_o7g6v4r2Z31qzzczko5_1280.png#sprite","https://66.media.tumblr.com/bc959e3f566ba1fdf6aaa371a9748818/tumblr_o7g6v4r2Z31qzzczko6_1280.png#sprite","https://67.media.tumblr.com/bd7c9419c0dbefdf0a0834b051aaefdb/tumblr_o7g6v4r2Z31qzzczko7_1280.png#sprite","https://67.media.tumblr.com/cd9fd6ce330c11c88039d4e5e3c348aa/tumblr_o7g6v4r2Z31qzzczko8_1280.png#sprite"],"usami":["https://66.media.tumblr.com/cf45edcd4fc478448294a0a09bf1c9af/tumblr_inline_mr6wg6Lm5c1qz4rgp.png#sprite","https://67.media.tumblr.com/e749a87c6ed0280edd2ee974b965109b/tumblr_inline_mr6wfa2Tgq1qz4rgp.png#sprite","https://66.media.tumblr.com/da4955b20f0ac8fff7dd9a7e7740a345/tumblr_inline_mr6wfegwM41qz4rgp.png#sprite","https://66.media.tumblr.com/14fb138bb76511d10a38b80e72c891f4/tumblr_inline_mr6wfqKdhk1qz4rgp.png#sprite","https://67.media.tumblr.com/a44654962f43f809cb488cec3e4b7489/tumblr_inline_mr6wflNjdP1qz4rgp.png#sprite","https://67.media.tumblr.com/138aba1c049e23b0289a25c42025839b/tumblr_inline_mr6wfxdqfs1qz4rgp.png#sprite","https://66.media.tumblr.com/92085b430bf0462f72aae008c655b7ba/tumblr_inline_mr6wfvdfbZ1qz4rgp.png#sprite","https://67.media.tumblr.com/c74fdfe38eb5236779cd8dad658136ff/tumblr_inline_mr6wfsueQS1qz4rgp.png#sprite","https://65.media.tumblr.com/e1d341bfa215da56742e5b1b7f7b5e57/tumblr_inline_mr6wfzia5O1qz4rgp.png#sprite","https://65.media.tumblr.com/94eb6d3ceb94df5019becfe73f54a212/tumblr_inline_mr6wg23Ehc1qz4rgp.png#sprite","https://66.media.tumblr.com/b20712eedf256d58e9bc80d8eebad83d/tumblr_inline_mr6wg9cAcN1qz4rgp.png#sprite","https://67.media.tumblr.com/22bf38517bac1a80683b9d80223f7dc3/tumblr_inline_mr6wgbXgBj1qz4rgp.png#sprite"],"yasuhiro":["https://abimon.org/dr/busts/yasuhiro/00.png#sprite","https://abimon.org/dr/busts/yasuhiro/01.png#sprite","https://abimon.org/dr/busts/yasuhiro/02.png#sprite","https://abimon.org/dr/busts/yasuhiro/03.png#sprite","https://abimon.org/dr/busts/yasuhiro/04.png#sprite","https://abimon.org/dr/busts/yasuhiro/05.png#sprite","https://abimon.org/dr/busts/yasuhiro/06.png#sprite","https://abimon.org/dr/busts/yasuhiro/07.png#sprite","https://abimon.org/dr/busts/yasuhiro/08.png#sprite","https://abimon.org/dr/busts/yasuhiro/09.png#sprite","https://abimon.org/dr/busts/yasuhiro/10.png#sprite","https://abimon.org/dr/busts/yasuhiro/11.png#sprite","https://abimon.org/dr/busts/yasuhiro/12.png#sprite","https://abimon.org/dr/busts/yasuhiro/13.png#sprite","https://abimon.org/dr/busts/yasuhiro/14.png#sprite","https://abimon.org/dr/busts/yasuhiro/15.png#sprite","https://abimon.org/dr/busts/yasuhiro/16.png#sprite","https://66.media.tumblr.com/f5a0d53bbed6da4fe3fc8575d5020dbc/tumblr_inline_mw4ybiM99G1rsr201.png#sprite","https://65.media.tumblr.com/9e75700aa17c37f13a2cb7de49e3987b/tumblr_inline_mw4ybmdBQ71rsr201.png#sprite","https://67.media.tumblr.com/448eb96f1de74c89100f66f4e2158d26/tumblr_inline_mw4ybob2m91rsr201.png#sprite","https://67.media.tumblr.com/e11ba34151f04317a271a1ac181ac9cd/tumblr_inline_mw4ybqKQ2O1rsr201.png#sprite","https://67.media.tumblr.com/9df28e3709b05b7cfdbb2da0f0592385/tumblr_inline_mw4ybsUicB1rsr201.png#sprite","https://66.media.tumblr.com/a1e312b72599a9d465dc985491dfea87/tumblr_inline_mw4ybxtiBb1rsr201.png#sprite","https://67.media.tumblr.com/14b39d3e6356ebfab7043b460f6f7380/tumblr_inline_mw4yc1yg691rsr201.png#sprite","https://66.media.tumblr.com/06f765c92264252615a4db544588196c/tumblr_inline_mw4yc3rqXA1rsr201.png#sprite","https://67.media.tumblr.com/059f819debb65fef282d8f5364df4f67/tumblr_inline_mw4yc9fryG1rsr201.png#sprite","https://66.media.tumblr.com/e4326fa5a75803cad52dea0fed9a7aca/tumblr_inline_mw4ycdGGyt1rsr201.png#sprite","https://66.media.tumblr.com/f8738e711a3749d28676a5ae4e39eeb5/tumblr_inline_mw4ychLW7r1rsr201.png#sprite","https://66.media.tumblr.com/0e107409fe1ee11c53508d16b2ce41bb/tumblr_inline_mw4ycjqQbR1rsr201.png#sprite","https://67.media.tumblr.com/b4dcaeac4365e4776a5895948b9f4c3b/tumblr_inline_mw4yclI2Nl1rsr201.png#sprite","https://66.media.tumblr.com/6083c90e25b5791b6dfa8656251f235c/tumblr_inline_mw4ycnU4eP1rsr201.png#sprite","https://66.media.tumblr.com/ff80cddfbe74fa8f11f20918deb26c9d/tumblr_inline_mw4ycr3s5x1rsr201.png#sprite","https://66.media.tumblr.com/5c5de1581ce117b8833212513d3be5fb/tumblr_inline_mw4yd3SwX01rsr201.png#sprite","https://66.media.tumblr.com/8d166df38789ba8adff92b6fc7f33752/tumblr_inline_mw4ydb1FoD1rsr201.png#sprite","https://66.media.tumblr.com/3bdb4e005b15dc5b03d25a3818ccaf60/tumblr_inline_mw4ydjWY641rsr201.png#sprite","https://i.imgur.com/6g9Znp9.png#sprite","https://i.imgur.com/vfhLGf9.png#sprite","https://abimon.org/dr/busts/yasuhiro/16_us.png#sprite","https://abimon.org/dr/busts/yasuhiro/17.png#sprite","https://66.media.tumblr.com/6d5cad66b116de976e8c572ed4837635/tumblr_inline_mw4zdu8IK21rsr201.png#sprite","https://67.media.tumblr.com/4e65980e884bcc919bbc9e066428353d/tumblr_n26pvxr8RK1rnveloo1_500.png#sprite"],"yasuke":["https://67.media.tumblr.com/0993d6c6353ddd5d93012a21fc94663a/tumblr_inline_o76ta2JTvh1qzytu7_540.png#sprite"]}